hd,rno,combo,payout
20250715,1,6-5-3,10500
20250715,2,5-4-2,37370
20250715,3,6-4-5,5080
20250715,4,2-6-3,2480
20250715,5,4-5-1,3980
20250715,6,2-1-3,3880
20250715,7,1-3-6,2170
20250715,8,1-2-5,9570
20250715,9,1-2-4,1400
20250715,10,1-3-5,1390
20250715,11,1-4-2,2910
20250715,12,1-5-3,5530
20250719,1,4-5-2,4880
20250719,2,4-1-5,16310
20250719,3,3-1-6,3700
20250719,4,5-3-1,28420
20250719,5,1-2-4,2910
20250719,6,6-3-2,9110
20250719,7,1-3-5,2300
20250719,8,1-2-3,810
20250719,9,1-3-2,1260
20250719,10,1-5-6,2040
20250719,11,1-3-2,980
20250719,12,4-1-3,12550
20250720,1,2-6-5,6850
20250720,2,1-4-2,3630
20250720,3,4-1-2,3120
20250720,4,1-3-4,5310
20250720,5,1-4-5,1300
20250720,6,6-3-1,6560
20250720,7,1-3-2,660
20250720,8,3-2-4,2610
20250720,9,2-6-3,1670
20250720,10,3-1-4,1730
20250720,11,5-3-4,45890
20250720,12,1-6-4,2000
20250721,1,1-2-5,1980
20250721,2,1-3-2,2270
20250721,3,2-3-4,850
20250721,4,2-5-3,5200
20250721,5,1-5-4,9280
20250721,6,3-2-6,4150
20250721,7,1-2-5,3420
20250721,8,3-2-4,1230
20250721,9,1-5-4,10370
20250721,10,1-3-5,620
20250721,11,1-2-3,1570
20250721,12,5-3-1,21040
20250722,1,1-3-2,950
20250722,2,3-6-1,2410
20250722,3,2-4-1,2100
20250722,4,3-5-4,1530
20250722,5,4-3-1,1670
20250722,6,2-3-4,890
20250722,7,1-5-2,2240
20250722,8,4-2-5,4020
20250722,9,3-1-6,1570
20250722,10,4-1-2,830
20250722,11,5-2-1,8350
20250722,12,3-1-6,5770
20250723,1,2-4-1,4540
20250723,2,4-1-6,2210
20250723,3,5-2-1,670
20250723,4,3-5-4,3260
20250723,5,2-1-3,2230
20250723,6,1-4-3,1720
20250723,7,3-4-1,6170
20250723,8,4-1-3,940
20250723,9,4-2-1,3180
20250723,10,1-4-3,3040
20250723,11,3-2-1,5020
20250723,12,1-3-4,2020
20250724,1,3-1-5,3850
20250724,2,2-4-3,1090
20250724,3,1-4-2,1710
20250724,4,1-5-2,8240
20250724,5,4-1-5,790
20250724,6,3-4-1,920
20250724,7,1-4-3,1240
20250724,8,2-4-1,2690
20250724,9,1-2-3,1090
20250724,10,1-2-3,840
20250724,11,2-1-5,4310
20250724,12,1-4-3,2500
20250806,1,4-3-5,6770
20250806,2,3-1-5,1330
20250806,3,2-6-1,2470
20250806,4,1-3-5,1070
20250806,5,3-1-4,4920
20250806,6,1-2-6,1610
20250806,7,1-2-5,840
20250806,8,1-4-5,4590
20250806,9,1-3-2,1550
20250806,10,3-2-4,6810
20250806,11,5-6-3,11160
20250806,12,5-6-3,23810
20250807,1,2-3-1,3750
20250807,2,1-4-3,8210
20250807,3,3-5-6,1840
20250807,4,2-6-3,8170
20250807,5,1-4-2,1130
20250807,6,1-5-6,6030
20250807,7,1-3-2,960
20250807,8,5-4-3,48950
20250807,9,2-1-6,90840
20250807,10,1-6-2,1950
20250807,11,1-5-4,2490
20250807,12,1-2-6,2340
20250808,1,3-5-1,7250
20250808,2,4-2-5,3070
20250808,3,2-3-6,1600
20250808,4,3-2-4,2440
20250808,5,1-5-2,5100
20250808,6,1-2-6,8960
20250808,7,1-4-5,890
20250808,8,3-2-1,15380
20250808,9,2-1-3,960
20250808,10,4-5-1,3230
20250808,11,1-4-5,4450
20250808,12,1-5-2,1820
20250809,1,1-2-5,4170
20250809,2,4-3-5,6420
20250809,3,4-2-1,1650
20250809,4,4-5-2,1500
20250809,5,1-6-3,31860
20250809,6,2-3-5,2030
20250809,7,1-2-3,750
20250809,8,2-6-1,3090
20250809,9,1-4-3,1440
20250809,10,2-5-4,71150
20250809,11,1-6-4,1730
20250809,12,1-3-2,1020
20250810,1,1-3-4,5130
20250810,2,1-4-2,5530
20250810,3,4-3-6,2540
20250810,4,3-5-2,1650
20250810,5,5-1-3,157650
20250810,6,1-4-2,1140
20250810,7,1-5-2,1540
20250810,8,3-6-2,7320
20250810,9,1-2-4,730
20250810,10,1-4-5,2120
20250810,11,3-1-2,2470
20250810,12,1-3-5,1520
20250811,1,2-3-1,4070
20250811,2,2-1-5,5580
20250811,3,3-4-5,29620
20250811,4,3-2-5,11010
20250811,5,4-5-6,5990
20250811,6,1-2-3,3330
20250811,7,2-4-1,8800
20250811,8,2-3-1,2200
20250811,9,1-5-6,1440
20250811,10,1-5-2,14810
20250811,11,3-1-5,7660
20250811,12,2-1-6,8820
20250814,1,4-3-6,16350
20250814,2,1-3-6,1850
20250814,3,2-4-3,5430
20250814,4,3-4-2,2370
20250814,5,2-1-3,24340
20250814,6,5-1-2,2750
20250814,7,1-4-2,1530
20250814,8,1-2-3,3710
20250814,9,1-2-4,1140
20250814,10,1-3-2,700
20250814,11,1-2-3,890
20250814,12,1-3-5,6210
20250815,1,3-4-5,1440
20250815,2,2-1-5,6530
20250815,3,5-6-3,5730
20250815,4,5-1-6,2800
20250815,5,3-4-2,8030
20250815,6,1-2-6,10990
20250815,7,2-1-4,8430
20250815,8,3-1-2,9610
20250815,9,1-2-5,500
20250815,10,4-2-5,91690
20250815,11,6-2-1,5890
20250815,12,1-6-3,2840
20250816,1,4-1-5,44410
20250816,2,3-2-4,4790
20250816,3,2-1-6,3590
20250816,4,1-5-2,14780
20250816,5,4-1-5,1030
20250816,6,2-3-6,2990
20250816,7,1-2-5,710
20250816,8,1-4-5,14250
20250816,9,6-4-3,4270
20250816,10,1-2-4,770
20250816,11,1-4-5,1380
20250816,12,1-5-3,850
20250817,1,2-3-4,9010
20250817,2,5-2-6,1690
20250817,3,3-2-4,1830
20250817,4,2-1-5,4480
20250817,5,1-4-6,2370
20250817,6,4-5-2,5350
20250817,7,1-4-5,930
20250817,8,2-1-5,1850
20250817,9,4-1-3,3560
20250817,10,3-4-5,25580
20250817,11,1-6-2,3080
20250817,12,5-1-6,7630
20250818,1,5-1-2,16380
20250818,2,1-3-2,3070
20250818,3,2-1-6,1060
20250818,4,3-1-5,1270
20250818,5,4-5-1,4300
20250818,6,1-3-2,900
20250818,7,1-2-3,600
20250818,8,5-2-1,4080
20250818,9,4-2-6,23120
20250818,10,1-2-5,2310
20250818,11,1-5-4,15810
20250818,12,3-1-2,7860
20250819,1,2-1-5,3980
20250819,2,2-4-3,10710
20250819,3,1-4-2,1210
20250819,4,1-2-3,430
20250819,5,1-4-3,1040
20250819,6,2-4-5,3140
20250819,7,1-4-2,2420
20250819,8,1-3-2,1330
20250819,9,1-5-3,3200
20250819,10,3-1-4,3220
20250819,11,1-2-3,560
20250819,12,1-5-4,3610
20250822,1,2-5-6,11030
20250822,2,6-2-3,2090
20250822,3,4-2-5,11180
20250822,4,1-4-6,7310
20250822,5,4-1-2,1360
20250822,6,1-4-3,1700
20250822,7,1-4-2,1530
20250822,8,5-1-3,8380
20250822,9,1-3-2,3630
20250822,10,4-3-1,20290
20250822,11,1-6-4,19200
20250822,12,1-2-3,880
20250823,1,3-4-5,1160
20250823,2,6-4-5,8710
20250823,3,5-1-3,7760
20250823,4,2-3-1,4230
20250823,5,1-3-5,8700
20250823,6,1-2-3,3650
20250823,7,2-1-5,28200
20250823,8,1-5-4,18660
20250823,9,2-5-1,9980
20250823,10,3-5-1,2740
20250823,11,1-3-6,3170
20250823,12,1-2-6,7200
20250824,1,1-4-6,1740
20250824,2,1-2-3,3650
20250824,3,5-1-2,45880
20250824,4,2-4-3,1910
20250824,5,4-3-2,4600
20250824,6,2-4-5,1370
20250824,7,1-2-3,1860
20250824,8,6-1-5,4630
20250824,9,1-3-5,1570
20250824,10,1-2-6,11210
20250824,11,1-4-2,1910
20250824,12,2-3-5,18420
20250825,1,1-4-3,2520
20250825,2,1-2-4,2360
20250825,3,2-3-5,2470
20250825,4,1-6-2,2990
20250825,5,1-3-4,1010
20250825,6,2-3-4,3890
20250825,7,1-2-3,490
20250825,8,5-6-1,8590
20250825,9,1-3-5,2050
20250825,10,1-5-6,3560
20250825,11,1-3-5,630
20250825,12,1-5-2,5820
20250828,1,1-3-5,1450
20250828,2,4-2-3,9820
20250828,3,1-3-2,2330
20250828,4,6-2-3,9010
20250828,5,4-3-2,10250
20250828,6,3-5-1,14650
20250828,7,4-1-5,5590
20250828,8,6-4-3,290900
20250828,9,3-4-2,18740
20250828,10,1-3-5,1890
20250828,11,1-2-3,820
20250828,12,1-4-6,2520
20250829,1,2-5-1,8140
20250829,2,6-5-3,3810
20250829,3,2-5-6,6030
20250829,4,3-1-2,2440
20250829,5,3-4-1,11420
20250829,6,4-1-2,3610
20250829,7,1-2-6,750
20250829,8,3-4-6,1580
20250829,9,1-3-4,4760
20250829,10,2-4-6,1890
20250829,11,3-1-4,4460
20250829,12,1-2-5,2140
20250830,1,4-5-6,9140
20250830,2,2-5-4,9630
20250830,3,1-2-3,1010
20250830,4,3-2-4,11230
20250830,5,1-4-6,2770
20250830,6,1-4-6,5240
20250830,7,1-4-2,740
20250830,8,2-3-4,4090
20250830,9,3-1-6,1330
20250830,10,6-1-2,6270
20250830,11,1-3-6,870
20250830,12,4-1-5,1120
20250831,1,3-6-4,19240
20250831,2,1-2-4,990
20250831,3,1-6-4,12190
20250831,4,4-5-2,9740
20250831,5,1-3-4,1480
20250831,6,3-1-4,4440
20250831,7,1-4-5,1450
20250831,8,1-2-3,2240
20250831,9,1-5-2,13120
20250831,10,1-2-6,2300
20250831,11,1-6-5,1890
20250831,12,1-4-2,1050
20250910,1,1-3-2,1920
20250910,2,1-2-6,6820
20250910,3,5-2-4,7870
20250910,4,3-5-1,33350
20250910,5,2-1-6,21190
20250910,6,2-3-4,1200
20250910,7,3-5-1,19960
20250910,8,1-5-2,9100
20250910,9,1-5-3,1160
20250910,10,1-3-4,2990
20250910,11,1-6-4,2870
20250910,12,5-3-6,21440
20250911,1,1-3-2,1740
20250911,2,4-6-1,3950
20250911,3,6-1-2,20710
20250911,4,3-4-6,3200
20250911,5,6-3-4,44240
20250911,6,1-5-2,7460
20250911,7,3-2-4,15100
20250911,8,6-1-2,6690
20250911,9,3-5-4,1550
20250911,10,3-2-5,4550
20250911,11,1-4-3,2480
20250911,12,1-5-6,4780
20250912,1,1-3-4,6340
20250912,2,3-6-5,7660
20250912,3,4-3-5,3570
20250912,4,2-4-5,4070
20250912,5,3-1-4,2200
20250912,6,6-3-2,7450
20250912,7,1-4-3,1940
20250912,8,4-6-5,3870
20250912,9,6-1-4,12820
20250912,10,2-6-1,4700
20250912,11,2-1-5,3960
20250912,12,3-5-6,8230
20250913,1,3-4-2,1130
20250913,2,2-3-6,7330
20250913,3,2-4-5,1590
20250913,4,5-2-3,4970
20250913,5,1-2-3,3350
20250913,6,2-3-1,4330
20250913,7,4-3-1,15110
20250913,8,5-3-1,51940
20250913,9,2-1-4,3310
20250913,10,1-5-3,5340
20250913,11,4-2-5,35360
20250913,12,1-2-5,1480
20250914,1,2-1-5,4130
20250914,2,3-4-5,3210
20250914,3,6-3-5,23720
20250914,4,4-1-3,8370
20250914,5,1-2-6,7570
20250914,6,3-4-5,4110
20250914,7,6-1-5,11330
20250914,8,3-4-5,2350
20250914,9,3-5-6,9110
20250914,10,2-3-1,3400
20250914,11,1-4-3,2610
20250914,12,4-2-5,18330
20250915,1,1-3-2,1590
20250915,2,2-3-5,850
20250915,3,4-3-5,1510
20250915,4,1-4-3,3930
20250915,5,1-2-5,2360
20250915,6,2-1-4,4120
20250915,7,1-2-5,2320
20250915,8,2-6-5,4520
20250915,9,6-2-1,5310
20250915,10,3-5-4,16430
20250915,11,2-1-6,9070
20250915,12,6-2-1,46090
20250918,1,4-5-1,2270
20250918,2,1-4-5,8440
20250918,3,2-4-5,11330
20250918,4,5-4-1,76740
20250918,5,1-4-3,1370
20250918,6,1-2-5,1990
20250918,7,1-3-4,540
20250918,8,1-2-3,1490
20250918,9,2-1-6,5550
20250918,10,2-6-3,10730
20250918,11,3-1-6,4000
20250918,12,1-4-3,1690
20250919,1,1-2-3,1080
20250919,2,4-5-3,3320
20250919,3,4-6-3,5520
20250919,4,5-2-1,7730
20250919,5,1-4-5,8710
20250919,6,2-1-4,4280
20250919,7,1-6-4,2090
20250919,8,5-2-3,2210
20250919,9,2-5-6,5530
20250919,10,2-1-6,3120
20250919,11,2-1-5,9940
20250919,12,6-4-5,30130
20250920,1,1-5-2,2980
20250920,2,3-2-4,1510
20250920,3,2-6-5,1980
20250920,4,1-4-2,2720
20250920,5,6-4-1,9910
20250920,6,3-5-6,890
20250920,7,4-3-1,21730
20250920,8,3-6-2,2740
20250920,9,1-3-5,940
20250920,10,4-2-6,2740
20250920,11,5-1-3,11060
20250920,12,1-5-4,4750
20250921,1,3-1-2,5960
20250921,2,2-3-6,2310
20250921,3,3-5-2,6070
20250921,4,3-4-5,12410
20250921,5,2-6-1,25670
20250921,6,3-2-5,1160
20250921,7,1-2-4,1450
20250921,8,4-1-2,4950
20250921,9,5-4-3,30390
20250921,10,2-4-5,5950
20250921,11,1-6-2,9880
20250921,12,1-2-3,820
20250926,1,1-3-4,1130
20250926,2,1-6-3,3320
20250926,3,4-5-6,2030
20250926,4,3-4-2,6010
20250926,5,2-3-4,44510
20250926,6,2-3-4,7750
20250926,7,4-6-2,7570
20250926,8,6-4-2,1800
20250926,9,1-4-5,7900
20250926,10,1-4-5,9900
20250926,11,4-2-5,10210
20250926,12,1-3-2,630
20250927,1,1-2-3,820
20250927,2,1-3-5,1400
20250927,3,1-2-5,5700
20250927,4,1-6-2,6420
20250927,5,2-4-1,8860
20250927,6,1-2-4,10850
20250927,7,5-1-6,5200
20250927,8,1-3-4,13030
20250927,9,1-3-6,2530
20250927,10,1-3-2,1860
20250927,11,1-6-3,2110
20250927,12,1-6-4,4100
20250928,1,2-5-6,6680
20250928,2,3-6-5,2950
20250928,3,4-6-1,18100
20250928,4,4-1-5,2900
20250928,5,4-6-1,32650
20250928,6,5-1-2,2190
20250928,7,1-2-4,560
20250928,8,3-4-1,3510
20250928,9,4-6-5,21750
20250928,10,2-5-6,1700
20250928,11,1-5-2,8370
20250928,12,1-3-2,1580
20250929,1,3-1-5,4880
20250929,2,1-3-2,1410
20250929,3,2-3-5,7050
20250929,4,3-5-2,900
20250929,5,1-2-3,2420
20250929,6,1-6-2,5190
20250929,7,5-4-3,27700
20250929,8,3-2-5,7280
20250929,9,2-1-5,4840
20250929,10,1-2-5,1560
20250929,11,4-3-2,5080
20250929,12,2-1-3,1900
20251004,1,1-3-2,4010
20251004,2,1-2-6,9400
20251004,3,1-5-2,2330
20251004,4,1-2-3,1100
20251004,5,1-4-2,520
20251004,6,2-4-6,8170
20251004,7,1-2-4,1050
20251004,8,1-6-4,7480
20251004,9,1-5-4,2400
20251004,10,1-2-3,740
20251004,11,3-2-1,25480
20251004,12,3-6-2,8850
20251005,1,1-4-6,1490
20251005,2,4-1-5,1770
20251005,3,4-3-5,6640
20251005,4,1-3-5,1230
20251005,5,1-3-4,1430
20251005,6,1-6-3,1860
20251005,7,1-6-5,18920
20251005,8,3-2-4,6040
20251005,9,2-5-4,13750
20251005,10,2-3-1,1750
20251005,11,1-2-4,2210
20251005,12,1-4-2,1550
20251006,1,4-3-2,5650
20251006,2,1-3-2,3700
20251006,3,1-5-2,11530
20251006,4,2-4-5,1470
20251006,5,3-1-4,2750
20251006,6,2-3-6,820
20251006,7,1-4-3,690
20251006,8,5-6-1,2100
20251006,9,2-1-3,1250
20251006,10,2-3-4,5740
20251006,11,1-5-3,10370
20251006,12,3-1-5,3810
20251007,1,3-2-6,2870
20251007,2,3-2-5,2550
20251007,3,4-3-6,1140
20251007,4,1-3-2,1320
20251007,5,3-1-2,4710
20251007,6,1-2-3,560
20251007,7,1-3-4,460
20251007,8,6-3-1,5240
20251007,9,1-2-6,1030
20251007,10,1-2-5,2020
20251007,11,1-2-4,660
20251007,12,1-2-4,790
20251008,1,1-4-5,5220
20251008,2,1-2-3,1320
20251008,3,3-1-5,3480
20251008,4,1-3-5,1180
20251008,5,2-6-1,8610
20251008,6,1-5-6,5180
20251008,7,1-6-3,2310
20251008,8,1-5-4,2040
20251008,9,2-1-4,1420
20251008,10,1-2-3,770
20251008,11,1-2-3,440
20251008,12,1-3-6,3780
20251009,1,2-4-6,1420
20251009,2,1-4-5,3430
20251009,3,1-2-4,590
20251009,4,1-2-3,2520
20251009,5,1-4-2,910
20251009,6,4-3-5,15670
20251009,7,1-3-2,540
20251009,8,6-1-2,5440
20251009,9,1-2-5,720
20251009,10,4-3-2,20070
20251009,11,2-1-4,3160
20251009,12,1-2-3,650
20251015,1,5-4-1,3610
20251015,2,2-5-4,17400
20251015,3,4-1-2,4930
20251015,4,4-2-6,1960
20251015,5,5-2-6,120150
20251015,6,1-4-3,4080
20251015,7,1-2-3,620
20251015,8,1-3-2,370
20251015,9,1-4-2,1080
20251015,10,4-2-5,2430
20251015,11,1-2-5,1810
20251015,12,1-5-4,4010
20251016,1,2-5-3,3350
20251016,2,3-2-4,4890
20251016,3,3-2-5,2480
20251016,4,2-1-4,11420
20251016,5,4-1-6,1380
20251016,6,4-2-6,3180
20251016,7,1-5-2,2000
20251016,8,1-2-6,1290
20251016,9,3-1-5,780
20251016,10,5-1-3,4570
20251016,11,1-5-2,1540
20251016,12,2-6-1,33460
20251017,1,5-4-6,9690
20251017,2,2-6-3,1720
20251017,3,1-3-4,7720
20251017,4,1-5-2,2020
20251017,5,1-5-4,5890
20251017,6,3-6-2,1340
20251017,7,1-4-2,1070
20251017,8,1-4-6,8900
20251017,9,6-3-1,8240
20251017,10,1-6-5,7590
20251017,11,3-6-2,59420
20251017,12,1-3-6,1390
20251018,1,3-5-2,12460
20251018,2,3-2-5,5890
20251018,3,4-3-2,2340
20251018,4,1-3-5,10780
20251018,5,1-5-3,1440
20251018,6,2-5-6,3740
20251018,7,4-6-5,9330
20251018,8,1-2-6,670
20251018,9,1-2-5,2110
20251018,10,1-3-6,4540
20251018,11,3-4-2,11130
20251018,12,3-1-6,8790
20251019,1,3-1-6,1850
20251019,2,4-3-2,2340
20251019,3,3-4-5,4100
20251019,4,1-5-2,2760
20251019,5,4-5-1,1950
20251019,6,1-2-6,1140
20251019,7,1-4-2,1360
20251019,8,4-6-1,1600
20251019,9,4-1-2,2980
20251019,10,1-4-2,6320
20251019,11,2-3-4,2450
20251019,12,6-1-4,50730
20251024,1,1-2-5,2960
20251024,2,2-5-4,9890
20251024,3,2-1-3,7090
20251024,4,1-2-4,4460
20251024,5,2-4-1,3290
20251024,6,2-1-3,1520
20251024,7,1-2-4,1750
20251024,8,1-2-4,3100
20251024,9,1-2-3,1550
20251024,10,3-2-5,13160
20251024,11,5-1-3,33180
20251024,12,1-3-4,2030
20251025,1,6-3-4,12070
20251025,2,4-1-5,2620
20251025,3,6-5-1,5450
20251025,4,3-4-2,10720
20251025,5,2-3-1,6640
20251025,6,1-5-3,4450
20251025,7,1-2-4,700
20251025,8,4-6-2,11600
20251025,9,3-1-5,1530
20251025,10,1-2-6,1150
20251025,11,3-1-5,5790
20251025,12,2-3-4,8780
20251026,1,2-1-5,3540
20251026,2,2-5-1,8610
20251026,3,6-5-2,2470
20251026,4,3-1-4,4720
20251026,5,1-4-3,4520
20251026,6,5-3-4,34780
20251026,7,1-3-5,880
20251026,8,2-1-5,1720
20251026,9,1-3-5,4890
20251026,10,1-5-2,2910
20251026,11,1-2-3,1200
20251026,12,1-2-6,5970
20251027,1,3-4-1,2970
20251027,2,1-3-4,1740
20251027,3,1-2-4,2780
20251027,4,1-4-6,900
20251027,5,4-5-2,6980
20251027,6,1-4-3,2430
20251027,7,1-3-4,570
20251027,8,1-6-4,10970
20251027,9,5-3-6,151650
20251027,10,1-5-6,14070
20251027,11,6-4-1,22990
20251027,12,5-6-4,31340
20251104,1,2-4-3,3240
20251104,2,3-4-6,3610
20251104,3,6-5-2,32170
20251104,4,1-4-2,1360
20251104,5,4-3-1,7120
20251104,6,1-2-5,540
20251104,7,1-5-2,2390
20251104,8,1-2-6,2070
20251104,9,4-3-2,45380
20251104,10,4-3-5,16840
20251104,11,3-4-1,1560
20251104,12,5-1-6,29710
20251105,1,3-1-6,7310
20251105,2,2-5-4,2800
20251105,3,3-1-6,5340
20251105,4,6-1-4,11600
20251105,5,2-4-5,6640
20251105,6,2-5-4,3180
20251105,7,1-6-4,1630
20251105,8,1-5-6,1490
20251105,9,4-2-6,26530
20251105,10,4-3-1,3130
20251105,11,1-5-2,3300
20251105,12,1-4-3,720
20251106,1,2-1-4,6990
20251106,2,6-3-4,98950
20251106,3,1-2-6,8830
20251106,4,1-4-2,2480
20251106,5,4-5-3,8000
20251106,6,3-2-6,20330
20251106,7,2-1-5,10220
20251106,8,5-1-6,2370
20251106,9,6-1-4,14320
20251106,10,3-5-2,6250
20251106,11,1-5-6,1720
20251106,12,1-4-2,1800
20251107,1,1-5-2,1240
20251107,2,1-3-4,4580
20251107,3,2-3-6,12960
20251107,4,2-3-4,2590
20251107,5,3-2-5,2130
20251107,6,2-1-6,1270
20251107,7,1-3-5,1120
20251107,8,3-1-6,5320
20251107,9,4-1-5,29690
20251107,10,1-3-2,1370
20251107,11,1-2-3,1230
20251107,12,1-3-4,2460
20251108,1,1-2-6,6820
20251108,2,3-5-1,5930
20251108,3,4-3-1,17840
20251108,4,4-5-2,2250
20251108,5,4-5-6,3490
20251108,6,5-2-6,45110
20251108,7,1-6-4,12910
20251108,8,2-3-6,5030
20251108,9,1-3-5,1390
20251108,10,4-2-6,6620
20251108,11,3-4-1,7220
20251108,12,1-5-4,2830
20251112,1,1-2-4,1290
20251112,2,1-4-5,3570
20251112,3,3-4-6,5520
20251112,4,1-2-3,1330
20251112,5,1-2-5,2040
20251112,6,3-2-4,7990
20251112,7,4-6-5,15810
20251112,8,1-2-5,1530
20251112,9,1-2-4,1030
20251112,10,6-5-4,83880
20251112,11,1-3-6,2170
20251112,12,5-1-2,7030
20251113,1,1-3-6,2090
20251113,2,2-1-4,2330
20251113,3,4-3-6,5290
20251113,4,3-1-5,3770
20251113,5,4-1-3,4480
20251113,6,2-1-4,7680
20251113,7,1-4-5,2280
20251113,8,2-1-6,4620
20251113,9,1-5-2,8070
20251113,10,1-2-5,1930
20251113,11,5-1-6,3580
20251113,12,5-2-6,46150
20251114,1,2-1-3,6750
20251114,2,1-3-4,3250
20251114,3,1-2-5,2190
20251114,4,3-4-1,5180
20251114,5,1-2-6,1860
20251114,6,1-2-5,2900
20251114,7,2-1-3,2350
20251114,8,1-6-4,8720
20251114,9,2-1-5,1200
20251114,10,1-2-4,980
20251114,11,1-2-5,910
20251114,12,5-2-1,8300
20251115,1,5-1-2,4960
20251115,2,4-5-6,5150
20251115,3,4-3-1,9240
20251115,4,5-2-3,103920
20251115,5,2-3-4,12500
20251115,6,1-2-3,2570
20251115,7,3-5-4,19900
20251115,8,1-2-3,1870
20251115,9,1-2-3,1130
20251115,10,4-5-2,8110
20251115,11,3-2-4,6160
20251115,12,1-2-3,1100
20251116,1,1-4-3,2230
20251116,2,1-3-4,920
20251116,3,3-5-1,3680
20251116,4,1-5-3,3170
20251116,5,1-2-3,870
20251116,6,1-3-4,2360
20251116,7,1-3-2,910
20251116,8,1-2-5,1590
20251116,9,1-2-3,970
20251116,10,1-6-4,11270
20251116,11,1-3-2,1340
20251116,12,1-4-5,2350
20251117,1,2-3-6,3400
20251117,2,1-2-5,1140
20251117,3,1-3-4,1030
20251117,4,4-3-1,6240
20251117,5,1-6-3,3290
20251117,6,1-2-3,720
20251117,7,1-3-4,820
20251117,8,1-5-2,4940
20251117,9,3-5-1,7050
20251117,10,2-1-6,7420
20251117,11,1-2-5,1210
20251117,12,1-2-4,700
20251122,1,5-1-2,2860
20251122,2,2-1-4,930
20251122,3,3-2-1,4890
20251122,4,1-2-3,2110
20251122,5,1-5-3,10130
20251122,6,1-3-4,2380
20251122,7,1-4-5,1180
20251122,8,4-5-1,3910
20251122,9,2-5-3,3310
20251122,10,6-4-5,97610
20251122,11,1-4-3,2630
20251122,12,1-3-4,1030
20251123,1,6-2-1,4100
20251123,2,1-2-3,1930
20251123,3,3-1-6,19880
20251123,4,4-5-1,3510
20251123,5,1-2-4,700
20251123,6,4-3-2,10850
20251123,7,1-3-4,3160
20251123,8,1-3-6,2630
20251123,9,2-1-3,9930
20251123,10,3-6-4,4430
20251123,11,1-3-5,1220
20251123,12,1-4-6,1090
20251124,1,1-3-5,6990
20251124,2,2-3-5,1110
20251124,3,4-6-2,27470
20251124,4,2-3-1,8650
20251124,5,4-3-1,2520
20251124,6,6-4-2,31050
20251124,7,1-2-3,430
20251124,8,1-2-3,4430
20251124,9,2-5-6,9170
20251124,10,1-6-2,2690
20251124,11,4-6-2,14560
20251124,12,1-3-4,910
20251125,1,1-4-3,3670
20251125,2,1-2-6,5570
20251125,3,4-2-5,28920
20251125,4,1-4-6,6990
20251125,5,1-4-6,1060
20251125,6,1-4-3,7150
20251125,7,1-5-3,3040
20251125,8,4-1-3,8780
20251125,9,3-2-1,4140
20251125,10,4-5-6,5070
20251125,11,5-4-1,8330
20251125,12,1-2-4,1640
20251202,1,1-3-4,1390
20251202,2,3-1-2,15330
20251202,3,1-2-5,4800
20251202,4,2-1-5,2200
20251202,5,5-4-3,13240
20251202,6,4-2-5,1750
20251202,7,2-1-5,9830
20251202,8,1-3-5,1700
20251202,9,1-3-2,1000
20251202,10,1-2-4,720
20251202,11,1-4-3,2940
20251202,12,3-5-6,17220
20251203,1,3-5-4,18780
20251203,2,2-3-6,820
20251203,3,2-1-6,4130
20251203,4,1-3-6,5070
20251203,5,1-4-5,700
20251203,6,2-3-6,1780
20251203,7,1-3-5,1130
20251203,8,4-5-1,3090
20251203,9,2-4-1,3230
20251203,10,1-5-4,3960
20251203,11,4-1-2,11850
20251203,12,3-4-2,31820
20251204,1,4-3-1,4650
20251204,2,4-3-1,6630
20251204,3,4-1-3,5680
20251204,4,4-2-3,2220
20251204,5,3-4-1,9770
20251204,6,3-4-6,2640
20251204,7,1-2-5,850
20251204,8,2-3-4,13550
20251204,9,1-2-4,690
20251204,10,6-1-2,23350
20251204,11,1-4-5,4890
20251204,12,1-2-5,1600
20251205,1,2-6-4,29460
20251205,2,1-4-2,3420
20251205,3,3-2-4,1260
20251205,4,2-3-1,2450
20251205,5,3-2-1,42270
20251205,6,1-2-3,390
20251205,7,1-4-2,2290
20251205,8,5-2-1,16940
20251205,9,3-4-6,5420
20251205,10,4-3-1,13100
20251205,11,1-3-2,1010
20251205,12,2-4-1,2900
20251206,1,4-1-5,3480
20251206,2,3-1-5,3190
20251206,3,1-4-2,2800
20251206,4,1-3-6,990
20251206,5,1-5-3,2930
20251206,6,1-2-3,1180
20251206,7,1-2-6,1450
20251206,8,1-3-5,750
20251206,9,3-2-4,20110
20251206,10,1-2-4,1320
20251206,11,1-3-4,2010
20251206,12,6-3-1,31190
20251207,1,3-4-6,7810
20251207,2,1-5-2,5130
20251207,3,6-4-1,26730
20251207,4,3-1-2,2790
20251207,5,3-4-1,3170
20251207,6,1-4-3,1600
20251207,7,1-2-3,770
20251207,8,2-1-6,46990
20251207,9,3-1-4,2040
20251207,10,1-3-2,1120
20251207,11,1-4-5,2690
20251207,12,1-4-2,3140
20251213,1,1-3-4,1670
20251213,2,1-2-3,3430
20251213,3,2-3-1,3140
20251213,4,1-2-6,1710
20251213,5,1-2-4,800
20251213,6,3-4-5,4630
20251213,7,2-4-5,34870
20251213,8,1-2-4,7710
20251213,9,3-2-5,5030
20251213,10,4-5-3,17160
20251213,11,1-6-5,3690
20251213,12,1-4-5,3470
20251214,1,2-3-4,10710
20251214,2,5-1-2,3620
20251214,3,2-3-1,2490
20251214,4,1-3-2,1700
20251214,5,6-1-4,11970
20251214,6,1-6-3,7060
20251214,7,1-3-2,1000
20251214,8,1-3-2,1000
20251214,9,1-2-4,2340
20251214,10,1-2-6,1790
20251214,11,1-5-4,2270
20251214,12,5-1-6,17440
20251215,1,1-2-3,1140
20251215,2,1-3-4,4550
20251215,3,4-5-6,2040
20251215,4,3-2-5,1980
20251215,5,2-3-4,11800
20251215,6,4-5-1,1170
20251215,7,4-2-5,67140
20251215,8,2-5-6,3510
20251215,9,3-1-2,2480
20251215,10,1-2-3,1120
20251215,11,1-2-3,750
20251215,12,2-1-6,1870
20251216,1,4-5-1,7920
20251216,2,3-1-6,10730
20251216,3,3-1-4,3680
20251216,4,1-2-3,880
20251216,5,1-3-4,1720
20251216,6,1-6-2,3640
20251216,7,3-1-2,6580
20251216,8,5-1-6,27320
20251216,9,3-1-2,3330
20251216,10,2-5-1,7010
20251216,11,2-1-5,7840
20251216,12,5-3-4,25250
20251219,1,1-3-2,1540
20251219,2,2-1-3,3220
20251219,3,3-1-5,3430
20251219,4,2-1-5,2470
20251219,5,3-1-4,1990
20251219,6,4-5-2,11410
20251219,7,2-1-5,6690
20251219,8,1-3-6,3950
20251219,9,1-2-6,2120
20251219,10,2-5-4,16220
20251219,11,5-1-4,8930
20251219,12,3-5-2,20040
20251220,1,1-3-5,880
20251220,2,1-3-2,6840
20251220,3,3-1-5,8120
20251220,4,5-2-1,2370
20251220,5,1-4-3,1940
20251220,6,4-3-1,2820
20251220,7,3-5-4,9610
20251220,8,1-6-2,760
20251220,9,4-5-1,30670
20251220,10,2-1-4,3220
20251220,11,1-6-4,4800
20251220,12,1-2-5,3510
20251221,1,1-2-6,2000
20251221,2,3-4-5,2260
20251221,3,2-5-6,2580
20251221,4,3-1-5,3270
20251221,5,3-5-1,18480
20251221,6,2-3-6,1600
20251221,7,1-6-3,7040
20251221,8,3-1-5,1310
20251221,9,1-3-4,2650
20251221,10,1-3-6,2780
20251221,11,1-4-6,950
20251221,12,5-2-3,27550
20251222,1,2-1-4,1820
20251222,2,2-1-4,810
20251222,3,2-3-4,1590
20251222,4,3-1-5,15500
20251222,5,3-1-4,4310
20251222,6,1-2-4,3560
20251222,7,1-3-5,2200
20251222,8,2-1-4,4280
20251222,9,3-1-5,1690
20251222,10,1-2-3,910
20251222,11,1-3-4,1170
20251222,12,1-3-4,780
20251223,1,1-5-6,36810
20251223,2,2-1-3,2150
20251223,3,1-3-2,2000
20251223,4,4-6-2,20560
20251223,5,1-4-2,7030
20251223,6,1-3-4,620
20251223,7,1-5-3,15330
20251223,8,1-5-2,1000
20251223,9,2-1-4,4790
20251223,10,5-2-6,21520
20251223,11,6-2-5,80940
20251223,12,3-2-1,18150
20251224,1,1-3-5,1790
20251224,2,2-4-5,2220
20251224,3,1-3-5,4570
20251224,4,3-5-4,9710
20251224,5,1-2-4,660
20251224,6,1-3-2,1460
20251224,7,4-1-3,7800
20251224,8,3-2-4,2670
20251224,9,3-6-2,29480
20251224,10,1-2-6,7080
20251224,11,1-3-4,1630
20251224,12,1-6-3,9390
20251227,1,1-3-5,7090
20251227,2,6-2-5,14590
20251227,3,4-1-3,7370
20251227,4,4-2-1,8840
20251227,5,1-4-2,1390
20251227,6,2-1-5,1570
20251227,7,1-2-3,910
20251227,8,1-5-2,1740
20251227,9,1-4-2,3050
20251227,10,5-4-2,37130
20251227,11,1-3-5,750
20251227,12,1-2-6,2810
20251228,1,2-1-3,1370
20251228,2,1-2-5,1980
20251228,3,5-2-4,12800
20251228,4,3-5-6,6100
20251228,5,4-5-1,3490
20251228,6,1-3-6,2120
20251228,7,1-2-6,2640
20251228,8,2-5-1,1850
20251228,9,1-3-5,1010
20251228,10,1-3-6,1200
20251228,11,1-5-6,1510
20251228,12,3-6-5,43600
20251229,1,1-3-2,810
20251229,2,4-2-3,7250
20251229,3,3-4-6,2010
20251229,4,2-3-4,7700
20251229,5,1-4-2,1620
20251229,6,2-1-5,790
20251229,7,1-4-5,610
20251229,8,5-4-6,19280
20251229,9,5-2-6,17630
20251229,10,2-4-3,2560
20251229,11,5-6-4,4150
20251229,12,2-5-1,3210
20251230,1,2-1-4,3630
20251230,2,1-3-4,4110
20251230,3,4-2-1,4840
20251230,4,2-4-3,5580
20251230,5,4-5-2,940
20251230,6,1-2-3,710
20251230,7,1-3-2,1140
20251230,8,4-2-3,49890
20251230,9,2-1-4,6470
20251230,10,1-3-4,3580
20251230,11,1-4-2,2290
20251230,12,1-2-4,1130
20251231,1,4-1-5,5240
20251231,2,2-5-6,1600
20251231,3,1-3-4,2290
20251231,4,3-5-1,4030
20251231,5,4-1-3,2450
20251231,6,1-3-5,1710
20251231,7,1-2-4,1440
20251231,8,3-2-1,5060
20251231,9,1-3-4,990
20251231,10,5-3-1,22290
20251231,11,1-3-5,780
20251231,12,1-2-6,5970
20260103,1,1-3-5,3530
20260103,2,2-6-4,3970
20260103,3,1-3-5,6990
20260103,4,3-2-4,3960
20260103,5,2-3-1,3030
20260103,6,1-2-5,3370
20260103,7,5-3-1,33960
20260103,8,5-1-4,4270
20260103,9,1-6-2,2860
20260103,10,6-1-2,116350
20260103,11,1-4-5,1530
20260103,12,1-3-2,1080
20260104,1,3-1-6,8210
20260104,2,5-3-4,7200
20260104,3,3-1-2,850
20260104,4,3-4-2,4030
20260104,5,5-6-2,17860
20260104,6,4-1-6,2890
20260104,7,1-3-4,850
20260104,8,2-1-3,420
20260104,9,1-4-3,720
20260104,10,1-4-3,2480
20260104,11,1-5-6,8950
20260104,12,1-5-6,6550
20260105,1,4-5-6,5840
20260105,2,3-5-6,3710
20260105,3,2-5-3,5650
20260105,4,5-6-1,9150
20260105,5,4-2-5,1620
20260105,6,1-3-6,770
20260105,7,1-4-3,960
20260105,8,3-2-1,10810
20260105,9,3-1-6,3600
20260105,10,1-5-3,2650
20260105,11,1-2-6,1710
20260105,12,1-4-3,960
20260106,1,4-1-6,17440
20260106,2,2-1-3,890
20260106,3,3-4-1,1150
20260106,4,2-3-6,1410
20260106,5,4-3-2,4500
20260106,6,1-4-2,8170
20260106,7,1-2-5,850
20260106,8,3-5-6,8230
20260106,9,3-1-4,1860
20260106,10,1-5-3,2940
20260106,11,2-3-1,3660
20260106,12,3-5-6,13650
20260107,1,1-4-5,990
20260107,2,1-4-3,430
20260107,3,1-4-3,1010
20260107,4,4-1-5,8400
20260107,5,6-1-3,460
20260107,6,1-3-2,840
20260107,7,5-3-6,31160
20260107,8,5-4-6,3150
20260107,9,5-4-1,3450
20260107,10,1-2-3,840
20260107,11,1-2-3,900
20260107,12,1-6-3,13540
20260108,1,5-1-3,11500
20260108,2,1-4-5,1920
20260108,3,1-3-2,1380
20260108,4,2-1-4,3960
20260108,5,1-3-4,1190
20260108,6,1-4-3,1050
20260108,7,3-1-4,3170
20260108,8,1-2-4,3380
20260108,9,1-3-4,430
20260108,10,1-2-3,1770
20260108,11,1-3-2,610
20260108,12,4-5-1,9400
20260111,1,4-5-2,5250
20260111,2,1-3-6,1280
20260111,3,2-3-5,2430
20260111,4,1-3-6,13740
20260111,5,2-1-4,5610
20260111,6,5-1-3,2390
20260111,7,1-3-2,520
20260111,8,1-3-5,700
20260111,9,3-1-2,10160
20260111,10,4-3-2,3270
20260111,11,1-3-4,3360
20260111,12,1-5-2,3640
20260112,1,4-2-1,8810
20260112,2,3-1-5,2470
20260112,3,3-2-6,4060
20260112,4,2-1-3,10760
20260112,5,4-5-3,2460
20260112,6,2-5-3,2050
20260112,7,1-2-3,650
20260112,8,3-2-5,11840
20260112,9,1-3-6,2770
20260112,10,1-4-2,4480
20260112,11,1-4-2,1480
20260112,12,1-5-6,2740
20260113,1,6-1-5,5250
20260113,2,5-1-2,1720
20260113,3,1-6-5,6360
20260113,4,2-3-4,8320
20260113,5,1-4-2,2390
20260113,6,5-4-6,22610
20260113,7,5-1-2,17990
20260113,8,2-1-5,650
20260113,9,3-5-1,1510
20260113,10,4-1-5,1520
20260113,11,1-2-3,3860
20260113,12,5-3-1,40600
20260114,1,1-2-5,1400
20260114,2,4-2-5,10410
20260114,3,4-2-5,6390
20260114,4,2-4-5,8330
20260114,5,4-6-3,8180
20260114,6,1-2-4,770
20260114,7,1-3-4,710
20260114,8,5-3-1,6890
20260114,9,1-2-5,790
20260114,10,1-3-4,1250
20260114,11,1-2-5,1540
20260114,12,1-3-2,1580
20260117,1,1-2-5,1630
20260117,2,1-3-5,1050
20260117,3,2-1-5,880
20260117,4,1-2-4,3030
20260117,5,1-2-4,1970
20260117,6,5-1-4,4330
20260117,7,4-1-5,11130
20260117,8,4-5-1,3590
20260117,9,1-6-5,8910
20260117,10,5-6-2,30180
20260117,11,1-4-6,2360
20260117,12,3-5-2,10010
20260118,1,2-3-1,10430
20260118,2,2-1-6,2610
20260118,3,4-5-3,3490
20260118,4,3-2-4,8320
20260118,5,3-4-5,11270
20260118,6,5-2-3,1880
20260118,7,2-6-4,51570
20260118,8,1-2-3,600
20260118,9,2-6-5,6890
20260118,10,1-2-3,910
20260118,11,4-6-3,7900
20260118,12,1-3-4,4120
20260119,1,2-3-1,5690
20260119,2,2-4-1,1820
20260119,3,4-2-3,7970
20260119,4,3-6-1,5840
20260119,5,1-4-6,7270
20260119,6,3-1-2,2630
20260119,7,1-5-3,3470
20260119,8,2-3-4,3310
20260119,9,4-1-3,34410
20260119,10,1-5-3,12090
20260119,11,3-2-1,6720
20260119,12,1-2-6,1790
20260120,1,4-5-2,5920
20260120,2,1-2-4,9410
20260120,3,2-5-1,6460
20260120,4,2-1-3,1090
20260120,5,1-6-3,12560
20260120,6,3-1-4,910
20260120,7,1-2-3,490
20260120,8,2-4-3,900
20260120,9,5-3-2,13600
20260120,10,1-4-6,6320
20260120,11,1-2-6,580
20260120,12,1-2-5,550
20260121,1,2-3-1,7040
20260121,2,4-1-5,21010
20260121,3,1-2-4,1410
20260121,4,4-6-2,970
20260121,5,2-1-3,1790
20260121,6,1-3-4,1160
20260121,7,3-4-6,6460
20260121,8,1-2-4,1570
20260121,9,6-3-1,13570
20260121,10,4-1-2,5880
20260121,11,1-2-4,790
20260121,12,3-4-1,5310
20260122,1,1-4-2,2080
20260122,2,4-1-5,2090
20260122,3,1-4-5,7680
20260122,4,1-2-3,900
20260122,5,4-2-1,3720
20260122,6,3-2-5,5310
20260122,7,5-1-6,11180
20260122,8,2-6-5,3370
20260122,9,3-2-1,2060
20260122,10,1-2-5,1840
20260122,11,5-1-2,10720
20260122,12,3-4-1,16540
20260130,1,1-6-4,3860
20260130,2,5-3-2,3910
20260130,3,4-3-5,5530
20260130,4,3-4-2,12460
20260130,5,4-2-3,16330
20260130,6,1-3-2,2200
20260130,7,1-2-4,840
20260130,8,2-1-6,3820
20260130,9,1-3-5,730
20260130,10,1-3-2,1770
20260130,11,2-1-5,15070
20260130,12,2-1-4,3550
20260131,1,1-2-6,3300
20260131,2,2-3-5,1290
20260131,3,4-5-6,3220
20260131,4,1-2-3,1880
20260131,5,4-3-6,5320
20260131,6,5-1-2,3830
20260131,7,1-5-3,1140
20260131,8,2-1-5,910
20260131,9,1-2-4,1560
20260131,10,6-5-3,40240
20260131,11,3-5-1,3270
20260131,12,1-6-3,6330
20260201,1,5-1-4,17270
20260201,2,1-2-3,1420
20260201,3,3-1-6,3940
20260201,4,1-3-6,4870
20260201,5,4-6-2,4620
20260201,6,2-6-1,9810
20260201,7,1-2-4,1550
20260201,8,4-6-1,1330
20260201,9,1-4-3,970
20260201,10,1-4-5,7370
20260201,11,1-3-5,2770
20260201,12,1-3-4,600
20260202,1,2-4-1,4940
20260202,2,3-2-4,1710
20260202,3,1-2-4,900
20260202,4,1-4-5,7900
20260202,5,3-4-2,11460
20260202,6,4-6-3,5770
20260202,7,3-2-4,6650
20260202,8,3-2-5,5780
20260202,9,1-2-4,770
20260202,10,3-1-4,2100
20260202,11,1-5-4,1970
20260202,12,2-4-3,37800
20260206,1,5-6-1,52240
20260206,2,4-2-3,2430
20260206,3,1-4-6,2440
20260206,4,2-3-4,4940
20260206,5,2-1-4,6250
20260206,6,3-4-2,8850
20260206,7,1-2-6,15000
20260206,8,3-6-2,28840
20260206,9,1-2-3,990
20260206,10,1-3-6,4140
20260206,11,1-5-3,1880
20260206,12,5-1-4,8650
20260207,1,1-2-5,850
20260207,2,3-2-4,2650
20260207,3,2-3-4,2050
20260207,4,2-1-4,1070
20260207,5,4-1-5,1270
20260207,6,3-6-4,8610
20260207,7,4-1-2,8510
20260207,8,6-1-2,18110
20260207,9,3-5-2,24090
20260207,10,5-4-6,8910
20260207,11,3-5-4,8440
20260207,12,1-3-5,780
20260208,1,1-3-2,6960
20260208,2,3-5-4,3680
20260208,3,1-3-2,5280
20260208,4,4-3-5,5250
20260208,5,4-1-5,2200
20260208,6,1-4-6,1090
20260208,7,1-4-6,850
20260208,8,5-3-1,2830
20260208,9,1-5-2,4690
20260208,10,2-5-1,4710
20260208,11,1-2-5,1610
20260208,12,4-1-6,60810
20260209,1,3-1-5,7230
20260209,2,2-1-4,18910
20260209,3,3-2-1,2850
20260209,4,6-1-5,5380
20260209,5,1-4-6,970
20260209,6,5-1-3,11000
20260209,7,1-4-3,1090
20260209,8,1-3-2,1620
20260209,9,5-4-6,28100
20260209,10,6-1-4,10220
20260209,11,6-2-1,24640
20260209,12,2-1-5,3780
20260210,1,3-5-2,5920
20260210,2,2-4-6,11400
20260210,3,1-4-2,2170
20260210,4,5-1-3,2310
20260210,5,4-6-1,3040
20260210,6,2-3-5,1430
20260210,7,1-6-3,2010
20260210,8,2-5-1,8980
20260210,9,2-1-3,2800
20260210,10,1-4-6,7000
20260210,11,1-2-6,1380
20260210,12,1-4-6,6790
20260211,1,1-6-3,31660
20260211,2,3-6-4,2130
20260211,3,1-2-4,960
20260211,4,1-2-3,780
20260211,5,1-2-3,2130
20260211,6,2-1-4,1950
20260211,7,3-4-1,7620
20260211,8,3-1-5,10970
20260211,9,1-2-3,1420
20260211,10,1-2-3,910
20260211,11,1-2-3,1560
20260211,12,1-3-6,2850
20260225,1,4-5-6,13140
20260225,2,5-1-4,5920
20260225,3,5-6-1,16200
20260225,4,3-2-6,5750
20260225,5,1-2-6,4640
20260225,6,2-3-1,7500
20260225,7,1-6-3,4030
20260225,8,4-6-3,75980
20260225,9,3-4-2,3520
20260225,10,1-2-5,1830
20260225,11,1-6-3,22890
20260225,12,3-5-2,6600
20260226,1,2-6-4,2980
20260226,2,2-4-1,5110
20260226,3,5-1-2,1290
20260226,4,1-5-4,3160
20260226,5,3-4-5,6680
20260226,6,1-5-4,11290
20260226,7,1-3-5,2170
20260226,8,4-3-6,7720
20260226,9,1-3-2,1720
20260226,10,3-1-5,2910
20260226,11,3-5-2,8100
20260226,12,1-2-3,940
20260227,1,2-3-1,8260
20260227,2,3-2-6,3070
20260227,3,3-2-4,8840
20260227,4,5-6-2,14220
20260227,5,1-6-5,60950
20260227,6,1-6-2,2060
20260227,7,1-2-3,3110
20260227,8,6-1-4,67860
20260227,9,1-5-4,5790
20260227,10,1-4-3,2160
20260227,11,4-1-6,15700
20260227,12,1-6-5,7600
20260228,1,2-4-3,3040
20260228,2,1-3-4,1430
20260228,3,1-3-4,1440
20260228,4,2-4-1,3880
20260228,5,1-4-2,900
20260228,6,2-4-3,5410
20260228,7,1-3-4,2820
20260228,8,4-3-5,6560
20260228,9,1-4-5,7110
20260228,10,2-1-6,8060
20260228,11,1-2-3,930
20260228,12,2-1-3,4450
20260301,1,1-5-3,9260
20260301,2,2-4-1,4390
20260301,3,1-2-5,1540
20260301,4,3-5-6,18280
20260301,5,3-2-1,9550
20260301,6,1-2-5,1930
20260301,7,1-2-3,720
20260301,8,6-3-1,19650
20260301,9,1-4-2,4060
20260301,10,3-2-6,11760
20260301,11,1-3-2,1210
20260301,12,6-3-1,37180
20260307,1,2-1-3,1920
20260307,2,2-1-6,7730
20260307,3,5-2-3,5580
20260307,4,3-4-1,4140
20260307,5,1-3-4,820
20260307,6,2-4-6,3070
20260307,7,1-6-3,2430
20260307,8,2-1-6,2340
20260307,9,3-2-6,3380
20260307,10,2-1-4,4030
20260307,11,5-1-2,19260
20260307,12,1-2-6,2600
20260308,1,1-2-5,480
20260308,2,2-5-3,1200
20260308,3,4-6-2,1440
20260308,4,3-1-6,3500
20260308,5,4-2-1,6390
20260308,6,2-4-5,1170
20260308,7,1-4-2,990
20260308,8,2-5-3,2540
20260308,9,3-1-2,2300
20260308,10,1-4-5,6410
20260308,11,3-1-5,1680
20260308,12,1-3-2,1330
20260309,1,3-5-1,5470
20260309,2,1-3-4,3010
20260309,3,1-3-4,6720
20260309,4,5-1-6,3540
20260309,5,4-3-5,1950
20260309,6,2-1-3,830
20260309,7,1-5-2,2460
20260309,8,2-1-3,1980
20260309,9,2-5-4,3230
20260309,10,2-5-6,80080
20260309,11,3-1-2,2790
20260309,12,1-6-3,1470
20260310,1,4-6-3,18710
20260310,2,3-2-6,950
20260310,3,4-1-5,3810
20260310,4,5-2-6,7860
20260310,5,4-6-1,3730
20260310,6,2-4-3,5710
20260310,7,2-6-1,14780
20260310,8,3-1-4,780
20260310,9,1-5-2,2380
20260310,10,1-3-4,710
20260310,11,4-1-6,2720
20260310,12,1-2-6,1650
20260311,1,1-2-3,2240
20260311,2,1-2-4,1210
20260311,3,6-1-5,25520
20260311,4,6-2-3,7250
20260311,5,3-6-4,63630
20260311,6,3-1-6,4100
20260311,7,5-3-4,6160
20260311,8,3-4-2,2900
20260311,9,4-5-1,10080
20260311,10,1-2-3,870
20260311,11,1-4-3,840
20260311,12,1-4-3,1340
20260312,1,3-1-4,2810
20260312,2,1-5-2,16100
20260312,3,4-3-5,7540
20260312,4,1-3-2,560
20260312,5,4-6-2,5180
20260312,6,3-1-6,1270
20260312,7,1-2-5,1190
20260312,8,1-4-2,6390
20260312,9,3-2-6,50980
20260312,10,4-2-6,20090
20260312,11,1-3-2,1580
20260312,12,5-3-6,63370
20260319,1,5-3-2,39660
20260319,2,3-4-5,2460
20260319,3,1-2-5,850
20260319,4,2-1-6,2910
20260319,5,1-4-5,1740
20260319,6,2-3-1,2620
20260319,7,4-1-6,5680
20260319,8,3-1-2,2620
20260319,9,6-1-4,73760
20260319,10,3-1-5,10520
20260319,11,1-6-2,13440
20260319,12,1-2-4,2320
20260320,1,1-2-5,1110
20260320,2,3-1-2,5010
20260320,3,5-2-6,4820
20260320,4,1-3-4,1410
20260320,5,1-5-4,19390
20260320,6,1-3-2,1860
20260320,7,1-5-4,1720
20260320,8,2-3-4,8810
20260320,9,1-2-4,3580
20260320,10,1-2-3,870
20260320,11,1-3-2,1490
20260320,12,1-2-4,680
20260321,1,3-4-5,1300
20260321,2,2-3-4,730
20260321,3,2-3-5,6350
20260321,4,2-3-4,760
20260321,5,1-3-2,1420
20260321,6,5-2-3,2630
20260321,7,1-3-5,810
20260321,8,4-2-3,9400
20260321,9,2-1-6,1550
20260321,10,3-1-5,1150
20260321,11,1-4-6,2500
20260321,12,1-2-4,1450
20260322,1,1-3-5,800
20260322,2,2-4-5,6620
20260322,3,4-5-2,24140
20260322,4,3-1-6,4870
20260322,5,2-1-6,8210
20260322,6,5-1-2,4810
20260322,7,1-2-4,790
20260322,8,2-3-4,2330
20260322,9,1-3-4,6240
20260322,10,1-4-2,2090
20260322,11,1-2-3,710
20260322,12,1-5-2,2520
20260323,1,4-2-1,4480
20260323,2,1-3-4,1790
20260323,3,3-1-4,24240
20260323,4,1-3-6,4760
20260323,5,5-4-3,17980
20260323,6,2-1-5,3750
20260323,7,1-2-5,970
20260323,8,3-6-4,1360
20260323,9,1-3-2,920
20260323,10,2-1-3,1910
20260323,11,1-4-5,2280
20260323,12,1-2-4,810
20260324,1,1-2-4,2360
20260324,2,2-1-3,2520
20260324,3,2-1-3,2200
20260324,4,2-1-5,3090
20260324,5,1-2-6,2820
20260324,6,3-4-5,3660
20260324,7,2-4-1,15450
20260324,8,3-6-4,4240
20260324,9,1-2-6,1160
20260324,10,1-2-3,1650
20260324,11,1-4-6,1870
20260324,12,3-4-6,2000
20260328,1,1-3-5,2000
20260328,2,5-4-3,43600
20260328,3,2-6-3,9510
20260328,4,2-1-3,2510
20260328,5,4-1-2,1620
20260328,6,2-1-5,2060
20260328,7,1-5-2,1460
20260328,8,4-3-1,15010
20260328,9,5-6-4,23650
20260328,10,2-5-4,61370
20260328,11,2-1-4,4530
20260328,12,5-1-4,9900
20260329,1,2-3-1,4340
20260329,2,2-1-4,1110
20260329,3,1-6-2,3340
20260329,4,4-3-2,2590
20260329,5,3-4-5,3700
20260329,6,1-2-4,1520
20260329,7,6-3-4,39990
20260329,8,1-2-4,710
20260329,9,3-1-2,590
20260329,10,2-3-1,5820
20260329,11,2-1-3,2210
20260329,12,5-2-1,7870
20260330,1,2-4-3,4830
20260330,2,5-1-4,6470
20260330,3,4-3-1,22810
20260330,4,1-4-2,6450
20260330,5,3-2-4,3600
20260330,6,3-4-2,5260
20260330,7,1-4-2,2260
20260330,8,3-1-4,11610
20260330,9,3-5-4,8830
20260330,10,4-2-6,13260
20260330,11,1-2-6,5870
20260330,12,1-2-3,650
20260331,1,2-4-1,3940
20260331,2,1-4-5,4230
20260331,3,3-5-1,7480
20260331,4,2-3-6,2340
20260331,5,1-2-4,810
20260331,6,5-3-2,7150
20260331,7,4-2-3,26960
20260331,8,1-3-4,810
20260331,9,1-5-6,3690
20260331,10,1-2-5,1170
20260331,11,6-4-5,95290
20260331,12,1-2-5,820
20260401,1,1-2-3,1290
20260401,2,6-2-5,18750
20260401,3,4-5-1,4200
20260401,4,2-3-5,17340
20260401,5,4-3-1,50940
20260401,6,2-4-5,4050
20260401,7,3-2-1,6030
20260401,8,4-2-6,10990
20260401,9,4-5-2,11480
20260401,10,4-6-1,40370
20260401,11,1-2-6,3100
20260401,12,3-4-2,9650
20260402,1,1-4-5,1740
20260402,2,3-4-2,6620
20260402,3,1-4-2,4220
20260402,4,1-3-2,1010
20260402,5,4-3-1,2330
20260402,6,1-2-5,4490
20260402,7,1-6-3,11080
20260402,8,4-3-2,13760
20260402,9,1-5-6,6810
20260402,10,1-4-2,1620
20260402,11,5-1-6,6510
20260402,12,1-2-4,870
20260405,1,1-5-2,18090
20260405,2,1-5-4,8170
20260405,3,3-2-5,11930
20260405,4,3-5-2,2440
20260405,5,4-1-3,2690
20260405,6,4-3-5,7380
20260405,7,1-2-5,1180
20260405,8,3-1-4,1240
20260405,9,1-2-3,1510
20260405,10,1-2-6,1680
20260405,11,5-3-1,36680
20260405,12,1-4-5,1480
20260406,1,1-2-3,3910
20260406,2,4-2-6,7310
20260406,3,2-3-5,950
20260406,4,6-3-4,63810
20260406,5,1-2-6,6500
20260406,6,6-2-5,1600
20260406,7,1-2-5,1100
20260406,8,1-2-3,540
20260406,9,1-5-6,21600
20260406,10,3-4-5,1310
20260406,11,1-2-4,1760
20260406,12,1-3-4,2530
20260407,1,4-5-6,7120
20260407,2,1-2-3,4090
20260407,3,1-4-3,12770
20260407,4,2-4-5,7270
20260407,5,2-3-4,16730
20260407,6,3-2-5,1300
20260407,7,1-2-3,740
20260407,8,1-2-4,4470
20260407,9,1-3-6,1110
20260407,10,2-1-5,3570
20260407,11,1-4-3,1310
20260407,12,4-1-2,22090
20260408,1,2-5-1,2960
20260408,2,1-3-4,13450
20260408,3,2-4-5,1530
20260408,4,2-5-4,25500
20260408,5,1-3-4,2690
20260408,6,2-1-6,1270
20260408,7,1-3-4,620
20260408,8,1-5-6,3180
20260408,9,2-5-1,38080
20260408,10,1-2-5,4620
20260408,11,1-5-2,1180
20260408,12,2-3-1,11290
20260409,1,5-1-2,5340
20260409,2,3-5-1,3990
20260409,3,5-6-4,9520
20260409,4,5-1-3,2440
20260409,5,1-4-6,390
20260409,6,2-3-5,7380
20260409,7,1-3-6,1380
20260409,8,3-6-5,2560
20260409,9,4-3-6,6790
20260409,10,1-5-4,10510
20260409,11,1-2-3,800
20260409,12,3-1-6,14000
20260410,1,4-1-2,8580
20260410,2,1-2-6,1520
20260410,3,3-2-5,14740
20260410,4,4-5-1,2200
20260410,5,1-4-2,710
20260410,6,3-4-5,1730
20260410,7,1-3-2,1550
20260410,8,3-6-1,4640
20260410,9,5-4-1,51230
20260410,10,1-2-3,1020
20260410,11,2-6-1,12540
20260410,12,1-4-2,1220
20260414,1,1-3-2,5550
20260414,2,2-5-3,13850
20260414,3,1-4-2,7640
20260414,4,1-2-3,6130
20260414,5,1-2-4,1790
20260414,6,2-6-4,1810
20260414,7,1-2-5,2020
20260414,8,3-4-6,11020
20260414,9,4-1-2,2430
20260414,10,1-6-5,10060
20260414,11,1-3-5,920
20260414,12,2-1-4,9540
20260415,1,2-4-6,8680
20260415,2,1-5-2,25880
20260415,3,1-4-3,1270
20260415,4,3-2-5,4030
20260415,5,1-5-4,6080
20260415,6,1-2-5,6750
20260415,7,1-5-4,3720
20260415,8,2-3-5,1530
20260415,9,2-3-6,3320
20260415,10,3-2-6,8720
20260415,11,3-4-2,6190
20260415,12,1-5-3,2110
20260416,1,1-3-2,770
20260416,2,3-5-1,12670
20260416,3,1-3-6,9500
20260416,4,3-1-5,8850
20260416,5,3-4-2,5440
20260416,6,5-2-1,8900
20260416,7,2-1-4,15890
20260416,8,1-5-4,16230
20260416,9,5-4-6,3090
20260416,10,2-3-1,2050
20260416,11,3-4-1,18760
20260416,12,1-4-6,2230
20260417,1,2-3-5,6310
20260417,2,2-3-6,12870
20260417,3,2-3-4,3720
20260417,4,4-3-2,4680
20260417,5,4-1-6,1330
20260417,6,3-6-4,17260
20260417,7,1-2-3,1090
20260417,8,1-2-3,870
20260417,9,4-5-1,3040
20260417,10,2-1-5,1090
20260417,11,1-3-2,1540
20260417,12,1-2-5,1050
20260418,1,1-3-4,2750
20260418,2,1-2-4,3090
20260418,3,1-2-3,3150
20260418,4,1-2-5,1540
20260418,5,1-5-3,750
20260418,6,2-1-4,2610
20260418,7,1-2-6,2000
20260418,8,3-4-5,6430
20260418,9,3-1-4,4010
20260418,10,2-1-4,2040
20260418,11,2-3-4,6680
20260418,12,1-2-6,1070
20260419,1,1-2-6,2950
20260419,2,3-1-2,3290
20260419,3,5-3-6,3770
20260419,4,2-4-3,4090
20260419,5,3-1-6,9870
20260419,6,3-6-4,33860
20260419,7,1-3-2,1200
20260419,8,1-2-3,2800
20260419,9,1-5-4,5560
20260419,10,1-2-3,1640
20260419,11,5-6-4,64840
20260419,12,4-1-2,8840
20260501,1,1-3-2,4460
20260501,2,4-5-1,2570
20260501,3,2-4-6,1020
20260501,4,5-1-4,11950
20260501,5,3-1-5,19280
20260501,6,4-2-5,9310
20260501,7,4-1-3,4890
20260501,8,3-2-6,1750
20260501,9,1-6-3,2950
20260501,10,2-4-1,13010
20260501,11,4-3-6,9990
20260501,12,4-1-5,12050
20260502,1,3-5-1,8090
20260502,2,5-2-4,2310
20260502,3,4-5-2,1000
20260502,4,2-4-5,1310
20260502,5,1-4-2,1110
20260502,6,3-1-2,2590
20260502,7,1-2-6,900
20260502,8,4-5-3,1770
20260502,9,1-3-6,2910
20260502,10,4-5-1,3520
20260502,11,4-5-1,2100
20260502,12,2-3-6,38050
20260503,1,3-5-2,1680
20260503,2,3-4-2,6410
20260503,3,3-6-5,1730
20260503,4,3-6-2,3860
20260503,5,1-2-4,1160
20260503,6,3-2-6,4510
20260503,7,3-2-1,6090
20260503,8,5-3-1,18270
20260503,9,4-6-1,14290
20260503,10,4-3-1,5880
20260503,11,3-4-2,7270
20260503,12,2-5-4,17270
20260504,1,6-2-3,3870
20260504,2,2-4-1,4050
20260504,3,3-4-1,2150
20260504,4,2-3-4,5050
20260504,5,1-5-2,3800
20260504,6,3-5-4,1180
20260504,8,1-3-2,1520
20260504,9,1-4-3,1640
20260504,10,2-3-1,1830
20260504,11,1-6-2,1910
20260504,12,1-2-4,590
20260505,1,2-1-4,3510
20260505,2,1-6-4,1950
20260505,3,4-5-6,5180
20260505,4,1-2-3,630
20260505,5,1-4-3,680
20260505,6,1-3-2,5740
20260505,7,3-1-4,1420
20260505,8,6-4-2,1860
20260505,9,2-1-5,1720
20260505,10,2-6-5,26170
20260505,11,2-1-5,5910
20260505,12,5-2-6,24770
20260506,1,3-2-1,8380
20260506,2,2-4-1,10210
20260506,3,1-3-6,840
20260506,4,1-5-2,4170
20260506,5,3-2-4,23950
20260506,6,3-4-1,3030
20260506,7,1-3-2,800
20260506,8,4-3-1,3220
20260506,9,6-5-4,8480
20260506,10,1-2-5,3760
20260506,11,5-1-3,5830
20260506,12,5-1-3,6170
20260514,1,5-2-4,35190
20260514,2,3-5-4,2990
20260514,3,3-1-4,1830
20260514,4,2-3-1,2390
20260514,5,2-4-3,22650
20260514,6,4-6-2,17680
20260514,7,1-3-5,2550
20260514,8,5-2-3,5390
20260514,9,4-2-1,3700
20260514,10,1-3-5,4320
20260514,11,3-5-1,33530
20260514,12,4-1-6,5140
20260515,1,1-2-6,1540
20260515,2,4-3-5,23810
20260515,3,5-2-3,16890
20260515,4,3-5-1,1910
20260515,5,4-1-3,2270
20260515,6,3-2-6,3000
20260515,7,1-5-6,1140
20260515,8,3-4-6,2210
20260515,9,2-4-1,2040
20260515,10,3-5-2,26150
20260515,11,1-2-3,660
20260515,12,1-5-3,2000
20260516,1,4-2-3,2220
20260516,2,5-1-3,5570
20260516,3,4-2-1,10260
20260516,4,4-6-2,18870
20260516,5,1-4-6,930
20260516,6,6-2-1,9740
20260516,7,1-2-6,950
20260516,8,1-3-4,5920
20260516,9,3-1-5,1660
20260516,10,4-3-5,13570
20260516,11,1-4-2,3810
20260516,12,1-5-6,1210
20260517,1,3-5-1,4760
20260517,2,6-4-3,4060
20260517,3,5-2-6,2540
20260517,4,2-1-3,2460
20260517,5,1-2-4,2190
20260517,6,2-3-5,570
20260517,7,1-6-3,6690
20260517,8,1-3-4,2000
20260517,9,2-3-4,18470
20260517,10,1-3-5,580
20260517,11,3-5-2,17240
20260517,12,3-6-4,13770
20260518,1,1-3-5,7430
20260518,2,1-3-2,1410
20260518,3,2-1-5,4250
20260518,4,1-3-6,1600
20260518,5,2-3-4,6810
20260518,6,4-5-6,2800
20260518,7,2-6-1,5700
20260518,8,1-5-3,1040
20260518,9,1-3-4,2950
20260518,10,3-6-1,33860
20260518,11,1-5-4,5460
20260518,12,1-2-3,790
20260519,1,2-4-3,10730
20260519,2,1-2-4,1300
20260519,3,2-6-3,5520
20260519,4,4-1-6,11370
20260519,5,1-4-2,700
20260519,6,2-1-4,2400
20260519,7,1-2-3,620
20260519,8,1-2-6,4240
20260519,9,3-5-6,8000
20260519,10,1-4-3,1780
20260519,11,4-1-6,13520
20260519,12,1-2-3,1020
20260528,1,1-3-6,1970
20260528,2,3-1-5,6840
20260528,3,1-4-2,950
20260528,4,1-4-3,2590
20260528,5,3-1-2,4530
20260528,6,5-4-1,3170
20260528,7,3-2-1,3650
20260528,8,2-4-1,4040
20260528,9,2-3-1,1830
20260528,10,4-3-1,4790
20260528,11,4-6-1,13410
20260528,12,5-1-2,11960
20260529,1,2-3-1,10030
20260529,2,1-2-6,3050
20260529,3,3-4-2,4630
20260529,4,1-3-6,11380
20260529,5,5-1-2,1590
20260529,6,4-2-3,30840
20260529,7,2-1-6,2260
20260529,8,2-3-1,900
20260529,9,3-4-1,910
20260529,10,3-1-4,3420
20260529,11,2-1-3,9940
20260529,12,1-5-2,1240
20260530,1,6-5-3,9860
20260530,2,4-2-6,4420
20260530,3,4-6-5,1690
20260530,4,4-3-5,1770
20260530,5,1-5-4,3870
20260530,6,4-5-6,560
20260530,7,2-1-3,1230
20260530,8,2-6-5,3810
20260530,9,1-3-2,1270
20260530,10,3-2-1,1260
20260530,11,3-1-2,9760
20260530,12,1-2-3,570
20260531,1,6-1-2,25350
20260531,2,1-5-2,3050
20260531,3,2-1-4,3660
20260531,4,3-4-2,3130
20260531,5,1-2-3,3070
20260531,6,4-5-2,5850
20260531,7,4-1-6,1370
20260531,8,1-3-6,2320
20260531,9,1-2-3,1220
20260531,10,4-1-3,15070
20260531,11,1-4-6,5520
20260531,12,4-2-3,24620
20260618,1,1-2-4,2170
20260618,2,2-1-5,2720
20260618,3,3-2-1,3280
20260618,4,2-6-3,3610
20260618,5,2-1-4,1780
20260618,6,2-4-5,2230
20260618,7,3-1-4,4610
20260618,8,2-6-4,3480
20260618,9,2-1-5,2650
20260618,10,2-1-5,6000
20260618,11,5-6-1,100260
20260618,12,1-4-2,2790
20260619,1,3-2-1,31150
20260619,2,2-6-3,7560
20260619,3,3-2-6,1340
20260619,4,2-4-5,1530
20260619,5,1-6-3,65630
20260619,6,1-2-3,5090
20260619,7,1-2-6,1590
20260619,8,5-6-1,2150
20260619,9,3-5-2,2970
20260619,10,6-2-4,30060
20260619,11,1-4-3,2180
20260619,12,1-4-3,760
20260620,1,1-4-3,1020
20260620,2,2-1-3,1220
20260620,3,4-3-5,1670
20260620,4,4-3-5,8580
20260620,5,1-4-6,2280
20260620,6,5-2-4,73320
20260620,7,1-3-4,450
20260620,8,5-6-3,10800
20260620,9,2-1-6,18970
20260620,10,3-1-5,3500
20260620,11,1-6-5,18080
20260620,12,1-3-2,2090
20260621,1,4-5-1,2970
20260621,2,2-3-5,1360
20260621,3,1-5-6,2380
20260621,4,3-2-5,4020
20260621,5,1-4-2,630
20260621,6,2-3-4,1730
20260621,7,1-3-2,640
20260621,8,1-4-2,2930
20260621,9,4-5-1,7190
20260621,10,1-3-4,5360
20260621,11,1-2-4,2450
20260621,12,5-2-4,58930
20260622,1,3-4-2,1310
20260622,2,1-3-4,2650
20260622,3,1-4-6,2350
20260622,4,1-2-3,1210
20260622,5,5-4-3,3450
20260622,6,3-5-1,39500
20260622,7,2-3-4,4120
20260622,8,1-2-4,1660
20260622,9,3-1-4,9270
20260622,10,2-4-5,9950
20260622,11,1-2-3,530
20260622,12,1-2-3,670
20260623,1,2-1-5,1810
20260623,2,1-2-4,3210
20260623,3,2-4-1,2460
20260623,4,1-4-2,850
20260623,5,4-2-3,7420
20260623,6,2-4-5,7260
20260623,7,1-6-4,1060
20260623,8,3-1-5,1180
20260623,9,1-5-6,820
20260623,10,3-4-6,9740
20260623,11,5-1-3,11960
20260623,12,1-4-5,2130
20260627,1,1-2-5,1070
20260627,2,2-5-6,17100
20260627,3,1-3-5,1780
20260627,4,2-1-4,1850
20260627,5,3-1-4,1440
20260627,6,3-4-6,1980
20260627,7,1-3-5,850
20260627,8,1-2-6,19860
20260627,9,1-2-5,3950
20260627,10,3-4-5,4640
20260627,11,1-3-2,880
20260627,12,2-1-5,10940
20260628,1,4-5-2,3220
20260628,2,1-6-3,1800
20260628,3,6-1-2,4490
20260628,4,2-4-3,3260
20260628,5,2-4-5,6930
20260628,6,4-1-2,6130
20260628,7,2-1-5,3360
20260628,8,3-1-4,5710
20260628,9,1-2-3,1170
20260628,10,3-2-6,6050
20260628,11,1-4-2,1050
20260628,12,1-2-6,760
20260629,1,1-2-3,3580
20260629,2,2-4-5,1760
20260629,3,2-5-6,13940
20260629,4,3-2-5,1990
20260629,5,1-5-2,2100
20260629,6,3-2-4,1220
20260629,7,1-4-3,2740
20260629,8,1-2-3,810
20260629,9,4-1-6,9840
20260629,10,4-1-2,2010
20260629,11,1-3-4,1520
20260629,12,1-2-5,1270
20260630,1,3-1-4,3580
20260630,2,1-2-3,3590
20260630,3,5-3-4,1860
20260630,4,1-2-4,550
20260630,5,2-1-6,15500
20260630,6,4-1-5,3700
20260630,7,1-3-5,1100
20260630,8,3-1-6,3340
20260630,9,1-2-6,3330
20260630,10,3-2-6,9090
20260630,11,1-3-5,4370
20260630,12,1-2-3,1960
20260701,1,6-3-1,7370
20260701,2,1-2-5,3090
20260701,3,5-2-3,31230
20260701,4,1-5-2,1930
20260701,5,1-4-3,830
20260701,6,2-5-3,49970
20260701,7,1-4-2,980
20260701,8,1-2-4,1090
20260701,9,5-4-1,4270
20260701,10,1-2-3,910
20260701,11,1-2-6,1280
20260701,12,4-3-5,11530
20260707,1,4-1-5,2480
20260707,2,5-1-4,11140
20260707,3,4-6-2,6770
20260707,4,1-5-6,5670
20260707,5,4-1-2,3050
20260707,6,1-2-5,630
20260707,7,5-4-1,5800
20260707,8,2-3-1,7610
20260707,9,3-5-1,2930
20260707,10,2-1-5,4670
20260707,11,1-2-4,1420
20260707,12,1-3-5,1470
20260708,1,1-2-3,530
20260708,2,1-3-5,1910
20260708,3,5-1-3,12270
20260708,4,1-6-4,4520
20260708,5,1-3-6,10080
20260708,6,5-3-6,8530
20260708,7,3-4-6,4750
20260708,8,3-4-5,10760
20260708,9,1-6-5,3540
20260708,10,3-2-4,14020
20260708,11,1-4-3,1180
20260708,12,1-4-2,2340
20260709,1,3-5-4,5050
20260709,2,2-6-3,3750
20260709,3,3-1-4,3250
20260709,4,1-4-5,6750
20260709,5,1-3-4,8460
20260709,6,4-6-5,5860
20260709,7,1-5-6,920
20260709,8,1-2-3,7360
20260709,9,3-1-6,2150
20260709,10,3-4-1,13170
20260709,11,1-5-3,9180
20260709,12,6-1-2,11680
20260710,1,6-5-2,11120
20260710,2,2-1-4,1940
20260710,3,2-5-4,4190
20260710,4,5-2-6,3210
20260710,5,3-5-4,5300
20260710,6,1-6-5,3350
20260710,7,2-1-4,1450
20260710,8,4-2-5,1510
20260710,9,1-5-2,1330
20260710,10,3-1-2,6300
20260710,11,1-6-2,16180
20260710,12,1-3-2,1490
20260711,1,1-3-4,460
20260711,2,1-2-6,1830
20260711,3,1-2-6,1000
20260711,4,1-5-6,1680
20260711,5,2-1-6,3890
20260711,6,1-3-2,1310
20260711,7,1-5-6,8200
20260711,8,1-2-3,4200
20260711,9,2-5-4,9000
20260711,10,1-3-2,2200
20260711,11,1-5-2,6350
20260711,12,1-2-5,1080
20260712,1,1-3-2,1170
20260712,2,1-2-3,1100
20260712,3,1-3-4,780
20260712,4,4-2-5,12690
20260712,5,1-3-5,4070
20260712,6,2-1-3,4130
20260712,7,1-4-3,1330
20260712,8,1-2-3,1060
20260712,9,1-2-3,710
20260712,10,1-4-3,2610
20260712,11,1-3-2,870
20260712,12,3-1-5,6590
20260717,1,1-2-3,2440
20260717,2,2-6-3,3040
20260717,3,1-5-4,15560
20260717,4,2-5-1,5570
20260717,5,4-2-5,4420
20260717,6,5-2-4,10550
20260717,7,4-6-2,40730
20260717,8,4-6-3,7330
20260717,9,2-4-5,5270
20260717,10,1-6-3,3940
20260717,11,3-1-5,1270
20260717,12,4-3-5,48310
20260718,1,1-4-6,3220
20260718,2,4-1-2,1060
20260718,3,3-6-4,40480
20260718,4,4-5-2,9190
20260718,5,4-5-3,2970
20260718,6,1-5-2,840
20260718,7,1-2-5,760
20260718,8,4-5-1,8590
20260718,9,2-3-5,3790
20260718,10,1-2-5,570
20260718,11,2-1-4,4070
20260718,12,1-3-2,4040
20260719,1,4-2-3,5350
20260719,2,1-4-5,2140
20260719,3,2-5-3,1350
20260719,4,4-2-5,2340
20260719,5,4-5-3,2340
20260719,6,2-3-4,2050
20260719,7,1-3-2,1160
20260719,8,2-1-5,1160
20260719,9,3-5-1,10850
20260719,10,2-3-4,6070
20260719,11,1-3-6,840
20260719,12,1-4-3,1980
20260720,1,4-6-5,17060
20260720,2,4-6-1,1700
20260720,3,1-2-3,800
20260720,4,4-2-1,1120
20260720,5,3-5-6,53030
20260720,6,2-5-1,1740
20260720,7,4-5-1,1470
20260720,8,1-2-4,3400
20260720,9,4-1-6,8370
20260720,10,2-3-6,3740
20260720,11,1-3-5,780
20260720,12,5-3-2,22640
20260724,1,1-3-4,3500
20260724,2,4-2-6,6250
20260724,3,2-5-3,2280
20260724,4,2-4-5,3410
20260724,5,5-2-3,121380
20260724,6,1-5-4,4270
20260724,7,3-4-1,15400
20260724,8,3-6-4,6290
20260724,9,5-1-3,7970
20260724,10,4-5-3,4910
20260724,11,5-6-4,107490
20260724,12,2-1-4,4120
20260725,1,1-2-5,5410
20260725,2,2-6-5,2900
20260725,3,6-1-2,1610
20260725,4,4-5-6,1200
20260725,5,1-3-5,2840
20260725,6,2-3-5,2200
20260725,7,5-3-6,9890
20260725,8,4-1-6,1710
20260725,9,1-2-3,650
20260725,10,6-4-2,20510
20260725,11,1-2-6,1750
20260725,12,5-4-6,10260
20260726,1,1-5-6,9540
20260726,2,1-6-2,5440
20260726,3,1-4-6,1950
20260726,4,3-4-6,4580
20260726,5,2-1-5,3120
20260726,6,1-2-6,1450
20260726,7,1-6-2,1310
20260726,8,3-6-1,2090
20260726,9,3-6-1,25500
20260726,10,3-6-5,18180
20260726,11,2-1-6,1650
20260726,12,1-5-6,970
20260727,1,4-1-3,24620
20260727,2,1-6-4,8880
20260727,3,5-2-3,12180
20260727,4,3-1-5,5430
20260727,5,1-4-2,1650
20260727,6,5-4-1,4280
20260727,7,3-1-2,5570
20260727,8,2-3-6,4040
20260727,9,4-2-6,7150
20260727,10,2-4-6,7520
20260727,11,4-2-6,17160
20260727,12,3-1-4,6800
20260806,1,5-6-1,24720
20260806,2,4-3-1,15430
20260806,3,1-4-6,7370
20260806,4,2-1-6,980
20260806,5,4-5-6,1350
20260806,6,4-2-3,2090
20260806,7,1-2-3,690
20260806,8,4-3-6,3980
20260806,9,5-3-4,12680
20260806,10,1-2-5,1250
20260806,11,1-5-6,2080
20260806,12,1-4-5,2240
20260807,1,1-3-2,1910
20260807,2,3-5-6,2470
20260807,3,3-1-2,1160
20260807,4,2-3-4,630
20260807,5,1-4-5,1490
20260807,6,1-2-5,5980
20260807,7,1-2-5,1390
20260807,8,3-6-2,25330
20260807,9,2-1-4,12690
20260807,10,2-5-4,91030
20260807,11,6-1-5,7980
20260807,12,4-6-2,29900
20260808,1,4-2-1,3040
20260808,2,3-6-1,2780
20260808,3,1-2-5,1860
20260808,4,4-3-5,33170
20260808,5,4-3-2,7650
20260808,6,3-1-6,15720
20260808,7,1-4-5,7090
20260809,1,2-1-3,2060
20260809,2,1-2-4,4140
20260809,3,3-2-4,4410
20260809,4,3-1-2,7890
20260809,5,1-2-4,1420
20260809,6,3-2-1,8970
20260809,7,2-1-6,41630
20260809,8,5-4-6,29450
20260809,9,1-3-4,880
20260809,10,3-2-5,2770
20260809,11,6-1-2,7370
20260809,12,1-2-5,5140
20260812,1,1-3-4,930
20260812,2,2-5-4,8780
20260812,3,1-3-5,1200
20260812,4,3-2-5,1270
20260812,5,6-1-4,11220
20260812,6,2-5-4,5360
20260812,7,1-2-5,1060
20260812,8,2-5-4,6940
20260812,9,1-5-4,4080
20260812,10,1-3-4,1550
20260812,11,1-6-3,4550
20260812,12,1-2-5,1300
20260813,1,2-4-6,8040
20260813,2,3-1-4,1280
20260813,3,4-3-6,30480
20260813,4,2-4-1,1420
20260813,5,1-4-2,1440
20260813,6,3-1-2,2970
20260813,7,1-3-4,840
20260813,8,4-3-2,3930
20260813,9,3-4-2,3470
20260813,10,1-2-6,8620
20260813,11,1-4-5,1950
20260813,12,1-4-2,770
20260814,1,2-1-3,2980
20260814,2,2-3-4,5730
20260814,3,4-3-2,11150
20260814,4,4-2-1,6170
20260814,5,2-1-4,5800
20260814,6,4-5-3,63310
20260814,7,1-5-2,3860
20260814,8,2-3-4,1600
20260814,9,1-3-5,2670
20260814,10,5-2-1,3250
20260814,11,1-2-5,520
20260814,12,3-6-2,26430
