順位,登録番号,選手名,級別,モーター番号,モーター2連対率,場コード,場名,開催日
37,5234,塚越　　海斗,A1,11,30.3,01,桐生,20261010
14,3532,柴田　　　光,B2,12,39.0,01,桐生,20261010
40,4803,飯田　　庄吾,B1,13,28.9,01,桐生,20261010
4,5311,小林　　京平,B1,14,44.4,01,桐生,20261010
13,4294,古賀　　繁輝,A1,15,39.4,01,桐生,20261010
28,4143,浦田　　晃嗣,B1,17,34.2,01,桐生,20261010
16,3652,森下　　　勇,B1,20,38.8,01,桐生,20261010
26,4528,黒井　　達矢,A1,21,34.4,01,桐生,20261010
24,3848,川上　　聡介,B1,24,35.3,01,桐生,20261010
35,4093,吉田　　宗弘,B1,26,31.2,01,桐生,20261010
1,4051,清水　　敦揮,A2,27,51.4,01,桐生,20261010
18,3947,寺本　　昇平,B1,28,37.5,01,桐生,20261010
3,3596,河上　　年昭,B1,30,45.6,01,桐生,20261010
29,4393,田中　　孝明,B1,31,33.6,01,桐生,20261010
6,4550,石岡　　将太,A2,32,42.5,01,桐生,20261010
9,3635,石田　　政吾,B1,33,40.5,01,桐生,20261010
5,4245,高橋　　直哉,B1,35,43.1,01,桐生,20261010
43,5049,松井　　友汰,A2,36,27.8,01,桐生,20261010
33,4581,吉村　　　誠,A1,37,31.7,01,桐生,20261010
14,4110,小澤　　和也,B1,38,39.0,01,桐生,20261010
34,5455,澁澤　　周羽,B2,40,31.4,01,桐生,20261010
20,4142,平野　　和明,A2,41,36.1,01,桐生,20261010
44,5379,廣部　　大明,B1,43,27.2,01,桐生,20261010
46,3968,茶谷　　信次,A2,44,26.2,01,桐生,20261010
17,4303,牧原　　　崇,B1,45,37.8,01,桐生,20261010
21,3800,牧　　　宏次,A2,46,35.6,01,桐生,20261010
42,4837,酒井　　陽祐,B1,47,28.5,01,桐生,20261010
32,3294,野中　　義生,B1,48,32.0,01,桐生,20261010
21,5046,松山　　裕基,B1,49,35.6,01,桐生,20261010
21,4871,菊池　　宏志,B1,50,35.6,01,桐生,20261010
19,3577,向所　　浩二,B1,51,36.2,01,桐生,20261010
45,3612,馬袋　　義則,A1,52,27.0,01,桐生,20261010
25,3550,都築　　正治,B1,53,34.6,01,桐生,20261010
11,3875,廣中　　良一,B1,56,40.0,01,桐生,20261010
37,4637,中田　　友也,A2,57,30.3,01,桐生,20261010
8,4950,高岡　　竜也,A1,59,41.6,01,桐生,20261010
9,3546,中里　　昌志,B1,60,40.5,01,桐生,20261010
6,4886,入海　　　馨,A2,62,42.5,01,桐生,20261010
26,4155,長野　壮志郎,A2,64,34.4,01,桐生,20261010
12,5187,小坂　　風太,B2,67,39.8,01,桐生,20261010
31,3656,伯母　　芳恒,B1,69,32.2,01,桐生,20261010
30,4506,稗田　　聖也,A1,70,33.3,01,桐生,20261010
36,3973,崎　　　利仁,B1,71,31.1,01,桐生,20261010
41,3385,渡邉　　睦広,A2,72,28.6,01,桐生,20261010
2,4151,下河　　誉史,B1,73,48.8,01,桐生,20261010
37,5364,金子　　怜央,B1,75,30.3,01,桐生,20261010
29,4925,森　　　悠稀,A2,9,29.5,02,戸田,20261010
32,4772,石丸　　海渡,A1,17,26.1,02,戸田,20261010
36,5356,長谷川　　暖,B1,22,25.0,02,戸田,20261010
33,5404,内田　　　壮,B1,23,25.7,02,戸田,20261010
26,5345,牧村　　俊輝,B1,24,29.7,02,戸田,20261010
39,4709,岡村　　将也,A2,25,18.1,02,戸田,20261010
23,5065,伊久間　陽優,A2,26,30.9,02,戸田,20261010
16,5352,西岡　　蒼志,B1,27,35.1,02,戸田,20261010
46,4880,澤崎　　雄哉,B1,28,10.5,02,戸田,20261010
17,5122,相馬　　　翔,B1,29,34.0,02,戸田,20261010
29,4789,古賀　　智之,A2,30,29.5,02,戸田,20261010
34,5007,近藤　雄一郎,B1,31,25.6,02,戸田,20261010
5,4873,蒲原　　健太,B1,32,48.7,02,戸田,20261010
26,5104,山田　　　丈,A2,33,29.7,02,戸田,20261010
13,5055,眞鳥　　章太,A2,34,38.4,02,戸田,20261010
34,5290,坂本　　一真,B1,35,25.6,02,戸田,20261010
11,4902,山川　　雄大,B1,36,42.5,02,戸田,20261010
43,5402,塚越　　陸斗,B2,37,12.8,02,戸田,20261010
31,5292,佐藤　　右京,B1,38,28.5,02,戸田,20261010
45,4952,吉武　　真也,B1,39,10.7,02,戸田,20261010
40,4728,山口　　　亮,B1,40,17.5,02,戸田,20261010
38,5047,國分　将太郎,B1,41,20.5,02,戸田,20261010
23,5012,加倉　　侑征,B1,42,30.9,02,戸田,20261010
3,4864,小川　日紀太,B1,43,54.2,02,戸田,20261010
14,5339,石井　　伸長,B1,44,36.3,02,戸田,20261010
1,4731,間野　　兼礼,B1,45,64.2,02,戸田,20261010
42,4724,吉田　　祐貴,B1,46,15.6,02,戸田,20261010
18,5106,山崎　　　祥,A2,47,33.3,02,戸田,20261010
4,5466,成田　　華音,B2,48,52.6,02,戸田,20261010
15,4753,森　　　照夫,B2,49,35.7,02,戸田,20261010
8,4944,田代　　達也,B1,50,45.0,02,戸田,20261010
23,5005,石田　　貴洋,A1,51,30.9,02,戸田,20261010
6,5302,秋末　　秦悟,B1,52,47.5,02,戸田,20261010
7,4890,石川　　　諒,A2,53,46.3,02,戸田,20261010
18,5074,大澤　　誠也,B1,54,33.3,02,戸田,20261010
41,5090,生方　　靖亜,B1,55,15.7,02,戸田,20261010
10,4715,村上　　　遼,A1,56,43.5,02,戸田,20261010
2,4790,柳内　　敬太,A1,57,58.8,02,戸田,20261010
12,5035,櫻井　　　優,A2,58,40.0,02,戸田,20261010
20,5054,佐々木　大河,A1,59,32.3,02,戸田,20261010
9,4903,吉田　凌太朗,A1,60,43.7,02,戸田,20261010
44,4713,白神　　　優,A1,61,11.7,02,戸田,20261010
22,5210,藤井　　公人,A2,62,31.2,02,戸田,20261010
21,5083,柳瀬　　幹太,B1,63,32.2,02,戸田,20261010
37,5186,遠藤　　圭吾,B1,64,23.3,02,戸田,20261010
26,5026,安河内　　健,A1,65,29.7,02,戸田,20261010
29,5361,植竹　　玲奈,B1,10,35.0,03,江戸川,20261010
24,4974,安井　　瑞紀,A2,12,36.4,03,江戸川,20261010
12,4897,深見　亜由美,B1,13,41.0,03,江戸川,20261010
34,4450,平高　　奈菜,A2,15,31.0,03,江戸川,20261010
27,5153,佐藤　ほのか,B1,16,35.8,03,江戸川,20261010
15,5454,谷島　　咲希,B2,17,40.2,03,江戸川,20261010
35,3435,寺田　　千恵,A2,18,30.8,03,江戸川,20261010
44,5418,堀内　　亜海,B2,19,28.0,03,江戸川,20261010
32,5151,山下　　奈緒,B1,20,31.3,03,江戸川,20261010
43,4690,高石　　梨菜,B2,22,28.2,03,江戸川,20261010
26,4882,瀧川　　千依,B2,23,35.9,03,江戸川,20261010
39,3604,武藤　　綾子,B1,24,29.8,03,江戸川,20261010
19,5314,中曽　　瑠華,B1,25,37.8,03,江戸川,20261010
37,4627,藤原　　菜希,A2,26,30.5,03,江戸川,20261010
30,3357,福島　　陽子,B1,27,34.9,03,江戸川,20261010
19,3611,岩崎　　芳美,A2,28,37.8,03,江戸川,20261010
2,5320,岩崎　　麗子,B1,30,49.3,03,江戸川,20261010
14,4286,平田　さやか,A2,31,40.5,03,江戸川,20261010
17,4891,寺島　　美里,B1,32,39.0,03,江戸川,20261010
35,5447,岡本　　亜子,B2,33,30.8,03,江戸川,20261010
5,3618,海野　ゆかり,A1,34,45.9,03,江戸川,20261010
40,4965,福岡　　泉水,B1,35,29.2,03,江戸川,20261010
6,4414,大澤　　真菜,B1,36,45.8,03,江戸川,20261010
18,4347,魚谷　　香織,A2,37,38.3,03,江戸川,20261010
15,4275,菅野　はやか,B1,38,40.2,03,江戸川,20261010
41,4246,喜多　那由夏,B1,41,28.7,03,江戸川,20261010
31,3528,笠野　友紀恵,B1,43,32.9,03,江戸川,20261010
46,4283,石井　　裕美,B1,45,26.5,03,江戸川,20261010
2,5390,高橋　　涼夏,B2,46,49.3,03,江戸川,20261010
21,3932,池田　　浩美,B1,48,36.9,03,江戸川,20261010
22,5117,冨名腰　桃奈,B1,49,36.7,03,江戸川,20261010
45,4680,後藤　　美翼,A2,51,27.3,03,江戸川,20261010
8,3355,橋谷田　佳織,B2,52,44.3,03,江戸川,20261010
28,5213,湯淺　　紀香,B1,53,35.7,03,江戸川,20261010
23,4924,中北　　　涼,B1,55,36.5,03,江戸川,20261010
4,5129,山口　真喜子,A2,56,46.5,03,江戸川,20261010
9,5365,石村　日奈那,B1,57,43.9,03,江戸川,20261010
25,4940,白石　　有美,B2,59,36.1,03,江戸川,20261010
32,4208,三浦　　永理,A1,61,31.3,03,江戸川,20261010
10,4843,深尾　　巴恵,B1,62,43.0,03,江戸川,20261010
41,4941,孫崎　　百世,B1,63,28.7,03,江戸川,20261010
7,4050,田口　　節子,A1,64,45.4,03,江戸川,20261010
11,3994,小野　　　桜,B1,65,41.6,03,江戸川,20261010
38,4478,櫻本　あゆみ,A1,68,30.3,03,江戸川,20261010
13,5358,増本　　杏珠,B2,69,40.7,03,江戸川,20261010
1,5327,西田　　和加,B2,71,50.6,03,江戸川,20261010
9,3961,谷村　　一哉,A1,10,40.0,04,平和島,20261003
18,3978,齊藤　　　仁,A2,11,35.0,04,平和島,20261003
1,3532,柴田　　　光,B2,12,60.2,04,平和島,20261003
26,3929,杢野　　誓良,B1,13,31.3,04,平和島,20261003
10,3714,梶原　　　正,B1,14,38.7,04,平和島,20261003
13,3882,新田　　智彰,B1,15,35.8,04,平和島,20261003
32,4047,吉永　　浩則,B1,17,25.6,04,平和島,20261003
19,3686,鳥居塚　孝博,A2,18,34.9,04,平和島,20261003
27,3909,佐々木　康幸,A1,19,31.0,04,平和島,20261003
20,3391,鈴木　　茂正,B2,20,33.8,04,平和島,20261003
46,3952,中澤　　和志,A1,22,14.4,04,平和島,20261003
21,3793,高橋　　真吾,B1,24,33.3,04,平和島,20261003
6,4077,品田　　直樹,A2,25,41.6,04,平和島,20261003
14,3505,山田　　竜一,A2,27,35.3,04,平和島,20261003
45,4027,松江　　秀徳,A2,28,14.8,04,平和島,20261003
23,3679,飯島　　昌弘,A2,32,32.0,04,平和島,20261003
8,3616,中村　　　真,B1,33,40.5,04,平和島,20261003
14,3826,村田　　修次,A2,34,35.3,04,平和島,20261003
25,3880,浅見　　宗孝,B1,35,31.4,04,平和島,20261003
5,3256,三角　　哲男,A1,38,43.3,04,平和島,20261003
42,3998,冨成　　謙児,B1,39,19.4,04,平和島,20261003
12,3741,松尾　　基成,B1,40,36.5,04,平和島,20261003
16,3211,北川　　敏弘,B1,43,35.2,04,平和島,20261003
43,3863,海老澤　泰行,B1,44,16.9,04,平和島,20261003
40,3489,大場　　　敏,A2,45,21.2,04,平和島,20261003
35,3619,長谷川　　充,B1,47,23.6,04,平和島,20261003
39,3554,仲口　　博崇,A1,49,21.7,04,平和島,20261003
2,3973,崎　　　利仁,B1,50,54.1,04,平和島,20261003
17,3878,胡本　　悟志,B1,51,35.1,04,平和島,20261003
24,4131,原　　　豊土,B1,53,31.8,04,平和島,20261003
38,3868,尾形　　栄治,B1,54,22.3,04,平和島,20261003
35,3516,吉原　　聖人,B1,55,23.6,04,平和島,20261003
41,4139,丹下　　　健,B1,56,20.0,04,平和島,20261003
37,3713,伊藤　　誠二,A1,57,22.7,04,平和島,20261003
33,4076,杉田　　篤光,B1,59,25.0,04,平和島,20261003
3,3377,塚田　　修二,B1,61,44.0,04,平和島,20261003
28,3158,島川　　光男,A2,63,30.7,04,平和島,20261003
30,3718,伊達　　正利,B1,64,30.1,04,平和島,20261003
31,3690,河合　　三弘,B1,65,30.0,04,平和島,20261003
21,3997,北村　　征嗣,A1,66,33.3,04,平和島,20261003
44,3988,古川　　誠之,A2,67,15.7,04,平和島,20261003
3,3944,山口　　裕二,A1,68,44.0,04,平和島,20261003
11,3807,岡部　　　哲,B1,69,38.0,04,平和島,20261003
46,3422,服部　　幸男,A2,70,14.4,04,平和島,20261003
28,3297,藤丸　　光一,B1,71,30.7,04,平和島,20261003
6,3527,中嶋　誠一郎,B1,74,41.6,04,平和島,20261003
33,3430,角浜　　　修,B1,75,25.0,04,平和島,20261003
35,5439,志賀　　美優,B2,12,30.5,05,多摩川,20261009
36,4990,田中　　博子,B2,13,29.8,05,多摩川,20261009
7,4233,亀山　　雅幸,A2,14,40.5,05,多摩川,20261009
10,3777,樋口　　　亮,A2,17,39.6,05,多摩川,20261009
21,4293,鈴木　　智啓,B1,18,36.4,05,多摩川,20261009
23,3876,中辻　　崇人,A1,19,36.3,05,多摩川,20261009
19,3660,長谷川　親王,B1,20,37.0,05,多摩川,20261009
45,5125,高井　　雄基,A2,22,25.0,05,多摩川,20261009
38,4703,森永　　　隆,A1,26,29.3,05,多摩川,20261009
5,3105,内山　　文典,B1,27,42.4,05,多摩川,20261009
4,4911,片岡　　大地,A2,28,42.7,05,多摩川,20261009
43,3680,森林　　　太,B1,29,25.9,05,多摩川,20261009
12,3684,清水　　攻二,A2,31,38.8,05,多摩川,20261009
1,5461,板頭　　里緒,B2,32,51.6,05,多摩川,20261009
40,4794,和田　　拓也,A1,34,28.4,05,多摩川,20261009
46,4650,中山　　雄太,B2,35,24.1,05,多摩川,20261009
12,5334,樫葉　　新心,B1,36,38.8,05,多摩川,20261009
9,5387,戸田　海咲音,B2,37,40.1,05,多摩川,20261009
32,4988,牟田　　奨太,B1,39,31.7,05,多摩川,20261009
24,4732,堀本　　和也,A2,41,36.2,05,多摩川,20261009
16,5029,中　　　亮太,A1,42,38.1,05,多摩川,20261009
31,4883,岡部　　大輝,A2,43,31.8,05,多摩川,20261009
20,5385,鈴木　　柊介,B1,46,36.7,05,多摩川,20261009
37,4469,土山　　卓也,A2,47,29.6,05,多摩川,20261009
11,5272,松田　　真実,B1,49,39.2,05,多摩川,20261009
14,4636,赤池　　修平,B1,50,38.7,05,多摩川,20261009
27,3870,寺嶋　　　雄,B1,52,34.2,05,多摩川,20261009
33,4163,山崎　　裕司,A2,53,31.3,05,多摩川,20261009
3,5406,小畑　　楓夏,B2,54,45.3,05,多摩川,20261009
7,4725,佐竹　　太一,B1,55,40.5,05,多摩川,20261009
2,3567,吉岡　　　誠,B1,57,47.9,05,多摩川,20261009
21,4876,梅木　　敬太,B1,58,36.4,05,多摩川,20261009
43,4239,竹田　　辰也,A1,60,25.9,05,多摩川,20261009
6,4529,嶋　　　義信,A1,61,40.8,05,多摩川,20261009
28,3757,畑　　　和宏,A2,62,34.1,05,多摩川,20261009
17,5410,今泉　　　澪,B2,63,37.9,05,多摩川,20261009
24,4889,後藤　　盛也,B1,64,36.2,05,多摩川,20261009
30,3857,阿波　　勝哉,B1,65,33.0,05,多摩川,20261009
26,4914,吉田　　裕平,A1,66,35.2,05,多摩川,20261009
15,3976,内田　　　圭,B1,67,38.6,05,多摩川,20261009
29,4824,松井　　洪弥,A2,68,33.9,05,多摩川,20261009
39,4318,桑原　　将光,A2,69,28.8,05,多摩川,20261009
33,5034,若林　　義人,A1,70,31.3,05,多摩川,20261009
41,4274,長畑　　友輔,B1,72,27.8,05,多摩川,20261009
42,3655,本橋　　克洋,B1,73,27.4,05,多摩川,20261009
18,4618,乃村　　康友,B1,75,37.2,05,多摩川,20261009
5,5319,近藤　　颯斗,B1,2,43.3,06,浜名湖,20261010
10,3681,山谷　　　央,B1,3,35.9,06,浜名湖,20261010
23,4270,岸本　　雄貴,B1,4,29.4,06,浜名湖,20261010
2,4957,竹之内　　極,B1,5,46.1,06,浜名湖,20261010
31,3497,後藤　　　浩,B1,8,26.3,06,浜名湖,20261010
28,4467,渡邉　　俊介,A1,9,26.8,06,浜名湖,20261010
12,3508,久富　　政弘,A2,10,35.7,06,浜名湖,20261010
8,3161,古場　　輝義,B1,11,39.1,06,浜名湖,20261010
43,4557,松尾　　光広,B1,12,20.8,06,浜名湖,20261010
9,4918,川島　　拓郎,B1,14,36.7,06,浜名湖,20261010
12,3885,久田　　　武,A2,15,35.7,06,浜名湖,20261010
7,4231,鈴木　　裕隆,B1,17,40.6,06,浜名湖,20261010
37,4102,益田　　啓司,A1,18,23.5,06,浜名湖,20261010
27,4907,小池　　修平,A1,21,27.3,06,浜名湖,20261010
32,3538,菊池　　峰晴,B2,24,26.2,06,浜名湖,20261010
41,4896,花本　　　剛,B1,25,21.5,06,浜名湖,20261010
46,4545,岡村　　慶太,A1,27,14.8,06,浜名湖,20261010
33,4034,西原　　明生,B1,28,25.2,06,浜名湖,20261010
22,4201,佐竹　　友樹,B1,29,29.7,06,浜名湖,20261010
26,4471,新田　　泰章,A1,30,27.6,06,浜名湖,20261010
36,4177,萬　　　正嗣,B1,31,24.3,06,浜名湖,20261010
34,3381,滝沢　　芳行,B1,33,24.7,06,浜名湖,20261010
20,4108,吉村　　正明,A1,34,30.5,06,浜名湖,20261010
35,5100,栗原　　一馬,B1,35,24.4,06,浜名湖,20261010
17,3305,小野　　信樹,B1,36,33.0,06,浜名湖,20261010
1,4615,板倉　　敦史,B1,37,48.0,06,浜名湖,20261010
38,3718,伊達　　正利,B1,39,23.1,06,浜名湖,20261010
18,4466,南　　　佑典,A2,40,31.2,06,浜名湖,20261010
24,3284,渡邊　伸太郎,B1,41,28.4,06,浜名湖,20261010
44,4248,岡本　　　大,B1,43,17.4,06,浜名湖,20261010
6,4171,榎　　　幸司,A2,45,42.0,06,浜名湖,20261010
4,4452,松尾　　　祭,A2,46,43.7,06,浜名湖,20261010
40,3997,北村　　征嗣,A1,47,21.8,06,浜名湖,20261010
19,3686,鳥居塚　孝博,A2,49,31.0,06,浜名湖,20261010
42,4511,中岡　　健人,B1,50,21.2,06,浜名湖,20261010
29,3850,小川　　知行,B1,51,26.6,06,浜名湖,20261010
14,5303,土井　　歩夢,A2,52,35.3,06,浜名湖,20261010
15,3775,泉　　　啓文,B1,53,33.9,06,浜名湖,20261010
16,3663,木山　　和幸,B1,54,33.6,06,浜名湖,20261010
29,4109,谷津　　幸宏,A2,56,26.6,06,浜名湖,20261010
21,3898,平田　　忠則,A1,57,30.0,06,浜名湖,20261010
45,3874,山本　　寛久,A2,60,16.0,06,浜名湖,20261010
3,5378,鈴木　結平太,B2,62,43.8,06,浜名湖,20261010
39,4562,阪本　　勇介,B1,64,22.7,06,浜名湖,20261010
25,5349,宮崎　　奏磨,B2,65,28.2,06,浜名湖,20261010
10,3422,服部　　幸男,A2,66,35.9,06,浜名湖,20261010
10,4470,平田　健之佑,A2,11,36.8,07,蒲郡,20261010
35,4134,杉山　　貴博,A2,12,18.9,07,蒲郡,20261010
43,3808,秋田　健太郎,B1,13,8.7,07,蒲郡,20261010
1,3804,中渡　　修作,B1,14,50.0,07,蒲郡,20261010
31,4906,鈴木　　雅希,A2,15,20.0,07,蒲郡,20261010
10,4630,岩永　　雅人,A2,16,36.8,07,蒲郡,20261010
21,3653,品川　　賢次,B2,17,29.7,07,蒲郡,20261010
15,3352,小川　　晃司,B1,18,34.3,07,蒲郡,20261010
18,3935,岩津　　徹郎,B1,20,30.5,07,蒲郡,20261010
28,3852,澤　　　大介,B1,21,22.2,07,蒲郡,20261010
12,5206,梅原　　祥平,B1,22,36.1,07,蒲郡,20261010
33,3941,池田　　浩二,A1,26,19.3,07,蒲郡,20261010
24,4232,笠　　　雅雄,B1,27,27.9,07,蒲郡,20261010
36,4325,新出　　浩司,B1,29,17.6,07,蒲郡,20261010
18,5229,吉川　　晴人,A2,36,30.5,07,蒲郡,20261010
26,3517,高橋　　　勲,B1,37,26.4,07,蒲郡,20261010
44,4199,北川　　潤二,A1,38,4.0,07,蒲郡,20261010
3,4263,武重　　雄介,B1,39,46.1,07,蒲郡,20261010
8,3769,佐竹　　恒彦,A2,40,38.4,07,蒲郡,20261010
4,3523,寳田　　亮治,B1,41,45.9,07,蒲郡,20261010
2,3467,森　　　弘行,B1,43,47.3,07,蒲郡,20261010
9,3475,橋本　　久和,B1,45,37.8,07,蒲郡,20261010
30,5263,花田　　凱成,B1,46,20.8,07,蒲郡,20261010
13,3643,米田　　隆弘,B1,47,35.1,07,蒲郡,20261010
22,3779,原田　　幸哉,A1,48,29.2,07,蒲郡,20261010
6,5032,谷口　　知優,A2,49,39.4,07,蒲郡,20261010
34,5467,野村　　羽玖,B2,50,19.2,07,蒲郡,20261010
41,4074,柳沢　　　一,A1,51,11.5,07,蒲郡,20261010
7,2878,富山　　弘幸,B1,52,38.8,07,蒲郡,20261010
5,3843,上之　　晃弘,B1,53,43.5,07,蒲郡,20261010
38,4979,中野　　夢斗,B1,55,16.2,07,蒲郡,20261010
29,4361,柳生　　泰二,A1,58,21.2,07,蒲郡,20261010
40,4710,福田　　宗平,A2,61,12.9,07,蒲郡,20261010
39,3867,松浦　　　勝,B1,63,15.1,07,蒲郡,20261010
18,3568,木村　　光宏,B1,68,30.5,07,蒲郡,20261010
27,3664,鈴木　　賢一,B1,69,24.0,07,蒲郡,20261010
17,4258,関根　　彰人,B1,70,31.4,07,蒲郡,20261010
37,3662,大庭　　元明,B1,71,17.3,07,蒲郡,20261010
25,4180,上野　　秀和,A2,72,27.7,07,蒲郡,20261010
23,4704,河野　　　大,A1,73,28.5,07,蒲郡,20261010
31,4370,山口　　達也,A1,74,20.0,07,蒲郡,20261010
42,3277,齋藤　　　勇,B1,75,10.5,07,蒲郡,20261010
13,5425,西山　　　育,B2,76,35.1,07,蒲郡,20261010
16,4383,竹田　　吉行,A2,77,32.3,07,蒲郡,20261010
1,5465,直江　　健成,B2,1,0.0,08,常滑,20261010
1,4296,岡崎　　恭裕,A2,2,0.0,08,常滑,20261010
1,5436,市川　　瑚幸,B2,3,0.0,08,常滑,20261010
1,5013,山下　　夏鈴,B1,4,0.0,08,常滑,20261010
1,4706,三浦　洋次朗,A2,5,0.0,08,常滑,20261010
1,4236,松村　　　敏,A1,6,0.0,08,常滑,20261010
1,4306,畔柳　　俊吾,B1,7,0.0,08,常滑,20261010
1,4295,小坂　　尚哉,A1,8,0.0,08,常滑,20261010
1,4137,君島　　秀三,A1,9,0.0,08,常滑,20261010
1,4439,近藤　　友宝,B1,10,0.0,08,常滑,20261010
1,5190,大月　　遊雅,B1,11,0.0,08,常滑,20261010
1,4063,市橋　　卓士,A1,12,0.0,08,常滑,20261010
1,5341,山道　　諄也,B1,17,0.0,08,常滑,20261010
1,5415,阿部　　未侑,B2,18,0.0,08,常滑,20261010
1,4103,山崎　　善庸,B1,19,0.0,08,常滑,20261010
1,3929,杢野　　誓良,B1,20,0.0,08,常滑,20261010
1,4202,浮田　　圭浩,B1,21,0.0,08,常滑,20261010
1,4792,杉村　　賢也,B1,22,0.0,08,常滑,20261010
1,4430,永田　　秀二,A2,23,0.0,08,常滑,20261010
1,4785,木幡　　純也,B1,24,0.0,08,常滑,20261010
1,3502,渡邉　　英児,A2,25,0.0,08,常滑,20261010
1,3761,山本　　光雄,B1,26,0.0,08,常滑,20261010
1,4117,廣中　智紗衣,A2,27,0.0,08,常滑,20261010
1,3458,東　　　健介,B1,33,0.0,08,常滑,20261010
1,5355,萩原　丈太朗,B1,34,0.0,08,常滑,20261010
1,3474,松瀬　　弘美,B1,35,0.0,08,常滑,20261010
1,5331,佐藤　　永梧,B1,36,0.0,08,常滑,20261010
1,3436,柏野　　幸二,A2,37,0.0,08,常滑,20261010
1,4288,永田　　啓二,A1,38,0.0,08,常滑,20261010
1,4460,後藤　　翔之,A2,39,0.0,08,常滑,20261010
1,3841,佐々木　和伸,A2,40,0.0,08,常滑,20261010
1,4207,松下　　一也,A1,41,0.0,08,常滑,20261010
1,4552,杉山　　勝匡,B1,42,0.0,08,常滑,20261010
1,3814,金子　　貴志,B1,43,0.0,08,常滑,20261010
1,3659,藤生　　雄人,A2,50,0.0,08,常滑,20261010
1,4369,丹下　　　将,A2,51,0.0,08,常滑,20261010
1,5321,一色　　颯輝,B1,52,0.0,08,常滑,20261010
1,4447,深川　麻奈美,B1,53,0.0,08,常滑,20261010
1,5239,上野　　俊樹,B1,54,0.0,08,常滑,20261010
1,4105,松下　　直也,B1,55,0.0,08,常滑,20261010
1,3933,山地　　正樹,B1,56,0.0,08,常滑,20261010
1,3544,豊田　　訓靖,B1,57,0.0,08,常滑,20261010
1,4624,高田　　　明,A1,58,0.0,08,常滑,20261010
1,4589,塩崎　　桐加,B1,59,0.0,08,常滑,20261010
1,3642,大塚　　浩二,B1,60,0.0,08,常滑,20261010
48,3909,佐々木　康幸,A1,11,27.3,09,津,20261010
19,5195,北村　　寧々,A2,13,36.9,09,津,20261010
44,4819,蜂須　　瑞生,A2,14,28.8,09,津,20261010
22,4938,小芦　るり華,A1,15,36.0,09,津,20261010
8,3853,岩崎　　正哉,A2,16,40.1,09,津,20261010
30,3984,坂口　　　周,A1,18,33.7,09,津,20261010
33,4659,木下　　翔太,A1,20,31.9,09,津,20261010
22,4352,下條　雄太郎,A1,21,36.0,09,津,20261010
8,4371,西山　　貴浩,A1,22,40.1,09,津,20261010
28,4787,椎名　　　豊,A1,23,33.9,09,津,20261010
14,4389,伊藤　　喜智,A2,24,38.3,09,津,20261010
7,4441,末永　　由楽,A2,25,40.5,09,津,20261010
32,4463,三苫　　晃幸,A2,26,32.3,09,津,20261010
21,4850,野中　　一平,A2,28,36.2,09,津,20261010
39,4960,黒野　　元基,A1,29,29.8,09,津,20261010
38,4428,有賀　　達也,A2,30,29.9,09,津,20261010
4,4596,葛原　　大陽,A2,31,41.2,09,津,20261010
18,4645,上村　　純一,A1,32,37.1,09,津,20261010
16,4042,丸岡　　正典,A2,35,37.4,09,津,20261010
10,4278,藤岡　　俊介,A1,36,39.2,09,津,20261010
12,4804,高田　ひかる,A1,37,38.4,09,津,20261010
16,4459,片岡　　雅裕,A2,38,37.4,09,津,20261010
11,4366,前沢　　丈史,A1,39,39.0,09,津,20261010
1,4172,森定　　晃史,A2,40,45.0,09,津,20261010
5,4118,宇佐見　　淳,A2,41,40.7,09,津,20261010
43,4000,松本　　博昭,A2,43,28.9,09,津,20261010
3,3822,平尾　　崇典,A1,44,43.3,09,津,20261010
24,3489,大場　　　敏,A2,47,35.6,09,津,20261010
26,4086,寺本　　重宣,A2,48,35.1,09,津,20261010
15,4823,中村　　桃佳,A2,49,37.5,09,津,20261010
2,5218,山田　　理央,A1,51,43.9,09,津,20261010
34,3541,三嶌　　誠司,A2,52,31.3,09,津,20261010
28,4505,島田　　賢人,A1,53,33.9,09,津,20261010
39,5010,宇留田　翔平,A2,54,29.8,09,津,20261010
47,4497,桑原　　　悠,A1,55,27.4,09,津,20261010
27,5281,井上　　遥妃,A1,56,34.0,09,津,20261010
12,5275,松田　　淳平,A1,58,38.4,09,津,20261010
36,4330,奈須　　啓太,A2,59,30.2,09,津,20261010
42,4320,峰　　　竜太,A1,61,29.4,09,津,20261010
45,5256,中山　　翔太,A1,62,28.1,09,津,20261010
39,4579,中嶋　健一郎,A2,63,29.8,09,津,20261010
34,4543,重木　　輝彦,A1,64,31.3,09,津,20261010
46,5121,定松　　勇樹,A1,66,27.9,09,津,20261010
5,4685,島村　　隆幸,A1,67,40.7,09,津,20261010
25,5299,西丸　　敦基,A2,70,35.5,09,津,20261010
37,5002,上田　　健太,A2,71,30.0,09,津,20261010
31,4373,若狭　奈美子,A1,72,32.5,09,津,20261010
20,3319,山崎　　義明,A2,73,36.8,09,津,20261010
12,3388,今垣　光太郎,A1,12,38.1,10,三国,20261009
9,4857,加藤　　翔馬,A1,13,39.2,10,三国,20261009
28,5084,末永　　和也,A1,14,34.3,10,三国,20261009
47,4028,田村　　隆信,A1,15,30.1,10,三国,20261009
52,3897,白井　　英治,A1,16,25.7,10,三国,20261009
25,4337,平本　　真之,A1,17,35.1,10,三国,20261009
41,4262,馬場　　貴也,A1,18,32.0,10,三国,20261009
31,4688,永井　　彪也,A1,19,33.8,10,三国,20261009
19,5142,常住　　　蓮,A1,20,36.7,10,三国,20261009
34,5267,石本　　裕武,A1,21,33.3,10,三国,20261009
6,4446,和田　　兼輔,A1,23,41.0,10,三国,20261009
17,4061,萩原　　秀人,A1,24,37.1,10,三国,20261009
34,4719,上條　　暢嵩,A1,25,33.3,10,三国,20261009
10,5043,中村　　日向,A1,27,38.6,10,三国,20261009
44,4682,大上　　卓人,A1,28,31.3,10,三国,20261009
48,4856,豊田　健士郎,A1,29,29.8,10,三国,20261009
2,4391,松田　　祐季,A1,30,43.9,10,三国,20261009
24,4532,秋元　　　哲,A1,31,35.6,10,三国,20261009
50,4238,毒島　　　誠,A1,32,26.8,10,三国,20261009
19,4044,湯川　　浩司,A1,33,36.7,10,三国,20261009
14,4504,前田　　将太,A1,34,37.5,10,三国,20261009
1,4188,久田　　敏之,A1,35,47.2,10,三国,20261009
32,4030,森高　　一真,A1,36,33.7,10,三国,20261009
36,4448,青木　　玄太,A1,37,33.0,10,三国,20261009
49,4013,中島　　孝平,A1,38,28.7,10,三国,20261009
29,3737,上平　　真二,A1,39,34.0,10,三国,20261009
8,4075,中野　　次郎,A1,40,39.3,10,三国,20261009
51,4910,中村　　泰平,A1,41,26.6,10,三国,20261009
7,4832,権藤　　俊光,A1,42,40.7,10,三国,20261009
5,4290,稲田　　浩二,A1,43,42.2,10,三国,20261009
22,3590,濱野谷　憲吾,A1,44,36.4,10,三国,20261009
17,4566,塩田　　北斗,A1,45,37.1,10,三国,20261009
21,4019,笠原　　　亮,A1,46,36.6,10,三国,20261009
43,4500,山田　　康二,A1,48,31.4,10,三国,20261009
13,4415,下出　　卓矢,A1,49,37.6,10,三国,20261009
45,4932,新開　　　航,A1,50,31.2,10,三国,20261009
14,4544,松田　大志郎,A1,51,37.5,10,三国,20261009
11,4587,木田　峰由季,A1,52,38.4,10,三国,20261009
38,3716,石渡　　鉄兵,A1,53,32.4,10,三国,20261009
3,4573,佐藤　　　翼,A1,54,42.7,10,三国,20261009
29,4547,中田　　竜太,A1,55,34.0,10,三国,20261009
3,4848,仲谷　　颯仁,A1,57,42.7,10,三国,20261009
39,4604,岩瀬　　裕亮,A1,58,32.2,10,三国,20261009
46,4847,佐藤　隆太郎,A1,60,31.1,10,三国,20261009
33,4826,井上　　一輝,A1,61,33.5,10,三国,20261009
40,4477,篠崎　　仁志,A1,62,32.1,10,三国,20261009
23,3942,寺田　　　祥,A1,63,35.7,10,三国,20261009
27,4524,深谷　　知博,A1,64,34.6,10,三国,20261009
26,4734,安河内　　将,A1,65,34.7,10,三国,20261009
37,4024,井口　　佳典,A1,66,32.6,10,三国,20261009
42,4757,山田　　祐也,A1,69,31.7,10,三国,20261009
14,4237,大峯　　　豊,A1,70,37.5,10,三国,20261009
3,3370,坪内　　　実,B1,11,45.7,11,びわこ,20261008
2,4588,田中　　京介,A2,12,45.9,11,びわこ,20261008
5,4375,照屋　　厚仁,A2,13,43.8,11,びわこ,20261008
18,3805,高橋　　英之,B1,14,36.5,11,びわこ,20261008
38,3966,作間　　　章,A1,15,27.1,11,びわこ,20261008
32,5463,出口　　飛龍,B2,16,28.7,11,びわこ,20261008
43,3300,川崎　　智幸,A2,17,25.2,11,びわこ,20261008
13,5147,田中　　勇輔,B1,19,38.1,11,びわこ,20261008
17,4649,和田　　操拓,B1,20,36.7,11,びわこ,20261008
8,3339,泉　　　具巳,B1,21,41.2,11,びわこ,20261008
34,3719,辻　　　栄蔵,A1,22,28.3,11,びわこ,20261008
37,4564,山本　景士郎,B1,23,27.4,11,びわこ,20261008
41,4079,出畑　　孝典,A2,24,26.1,11,びわこ,20261008
29,4382,高山　　智至,B1,27,29.8,11,びわこ,20261008
44,4055,吉田　　俊彦,A2,28,22.5,11,びわこ,20261008
39,4740,齋藤　　達希,B1,30,27.0,11,びわこ,20261008
19,3889,須藤　　隆雄,B1,31,36.3,11,びわこ,20261008
9,5127,沼田　　大都,B1,33,40.1,11,びわこ,20261008
42,4437,中田　　元泰,A2,35,25.8,11,びわこ,20261008
10,4146,柳橋　　宏紀,A2,37,39.4,11,びわこ,20261008
33,4340,土性　　雅也,B2,38,28.5,11,びわこ,20261008
14,5126,山下　　大輝,A1,39,37.2,11,びわこ,20261008
4,4905,土井　　祥伍,B1,40,44.1,11,びわこ,20261008
12,4033,伊藤　　将吉,A2,41,38.3,11,びわこ,20261008
35,3922,菅沼　　佳昭,B1,43,28.0,11,びわこ,20261008
30,4189,川上　　　剛,A1,44,29.0,11,びわこ,20261008
7,5400,高村　　　諒,B2,45,42.2,11,びわこ,20261008
26,4241,大串　　重幸,A2,46,30.7,11,びわこ,20261008
25,3850,小川　　知行,B1,48,31.3,11,びわこ,20261008
15,3627,井上　　恵一,A2,49,36.8,11,びわこ,20261008
20,4489,岩川　　仁士,B1,50,34.5,11,びわこ,20261008
11,5403,藤山　　湧太,B2,52,38.6,11,びわこ,20261008
30,5242,高山　　弘斗,B1,53,29.0,11,びわこ,20261008
1,5430,鳥本　　智史,B2,57,46.6,11,びわこ,20261008
27,4641,磯村　　　匠,B1,59,30.4,11,びわこ,20261008
45,4603,谷川　　将太,B1,60,13.4,11,びわこ,20261008
6,4743,木村　　仁紀,A1,61,43.3,11,びわこ,20261008
36,4066,東本　　勝利,A2,63,27.5,11,びわこ,20261008
28,3315,広瀬　　聖仁,B1,64,29.9,11,びわこ,20261008
22,5382,山下　　心一,B1,65,31.9,11,びわこ,20261008
21,4926,吉川　　貴仁,A1,66,33.0,11,びわこ,20261008
15,3233,小畑　　実成,B1,67,36.8,11,びわこ,20261008
22,4305,金子　　拓矢,A1,70,31.9,11,びわこ,20261008
22,3629,浅見　　昌克,A2,71,31.9,11,びわこ,20261008
40,4090,中村　　　尊,B2,73,26.5,11,びわこ,20261008
11,4489,岩川　　仁士,B1,11,39.5,12,住之江,20261010
24,3679,飯島　　昌弘,A2,16,35.0,12,住之江,20261010
20,3741,松尾　　基成,B1,17,36.2,12,住之江,20261010
38,5307,富永　夏哉人,B1,18,30.4,12,住之江,20261010
3,4663,籾山　　佳岳,B2,20,46.5,12,住之江,20261010
45,4442,松竹　　大輔,B1,21,23.4,12,住之江,20261010
4,3842,星野　　太郎,B1,22,44.1,12,住之江,20261010
6,3961,谷村　　一哉,A1,24,43.5,12,住之江,20261010
42,3256,三角　　哲男,A1,25,26.5,12,住之江,20261010
43,3995,重野　　哲之,A2,26,25.8,12,住之江,20261010
18,5313,鈴木　　唯央,B1,27,36.3,12,住之江,20261010
40,3327,野長瀬　正孝,A2,28,28.8,12,住之江,20261010
1,4308,河村　　　了,A1,29,48.6,12,住之江,20261010
47,4133,高橋　　正男,A2,31,18.5,12,住之江,20261010
37,4084,杉山　　正樹,A1,32,31.5,12,住之江,20261010
31,3827,今泉　　　徹,B1,33,33.0,12,住之江,20261010
30,3072,西田　　　靖,B1,34,33.3,12,住之江,20261010
24,3619,長谷川　　充,B1,35,35.0,12,住之江,20261010
2,4776,竹田　　和哉,A1,38,46.9,12,住之江,20261010
13,3940,飯山　　　泰,A1,39,38.4,12,住之江,20261010
7,3977,山本　　兼士,B1,51,40.8,12,住之江,20261010
29,4384,鶴本　　崇文,A1,52,33.6,12,住之江,20261010
28,4754,松尾　　　充,A2,53,34.7,12,住之江,20261010
9,4512,高野　　哲史,A1,54,40.0,12,住之江,20261010
17,4186,小川　　時光,B1,55,36.8,12,住之江,20261010
35,4796,春園　　功太,A1,56,32.2,12,住之江,20261010
16,3024,西島　　義則,B2,57,37.2,12,住之江,20261010
5,4661,中島　　昂章,A2,58,43.8,12,住之江,20261010
12,4633,森　　　智也,A2,60,39.1,12,住之江,20261010
31,3915,繁野谷　圭介,A2,61,33.0,12,住之江,20261010
44,4226,村田　　浩司,B1,63,23.9,12,住之江,20261010
46,4343,村岡　　　賢,B1,65,23.0,12,住之江,20261010
14,4610,佐藤　　大佑,A1,66,38.3,12,住之江,20261010
41,3616,中村　　　真,B1,68,27.3,12,住之江,20261010
23,3714,梶原　　　正,B1,69,35.1,12,住之江,20261010
8,4057,松井　　賢治,A2,70,40.3,12,住之江,20261010
21,4281,大澤　　大夢,B1,71,35.8,12,住之江,20261010
39,4331,三好　　勇人,A2,72,29.3,12,住之江,20261010
22,4398,船岡　洋一郎,A1,73,35.2,12,住之江,20261010
27,4436,渋谷　　明憲,A1,74,34.8,12,住之江,20261010
31,3430,角浜　　　修,B1,75,33.0,12,住之江,20261010
24,4113,木村　　浩士,B1,77,35.0,12,住之江,20261010
48,3482,金子　　猛志,B1,78,16.6,12,住之江,20261010
15,4329,小松　　卓司,B1,79,38.2,12,住之江,20261010
36,4461,安田　　吉宏,B1,81,32.1,12,住之江,20261010
18,4340,土性　　雅也,B2,82,36.3,12,住之江,20261010
34,3878,胡本　　悟志,B1,84,32.7,12,住之江,20261010
9,3908,重成　　一人,A1,85,40.0,12,住之江,20261010
19,4298,宮下　　元胤,A2,1,34.6,13,尼崎,20261006
18,5031,渡辺　　空依,B1,2,36.2,13,尼崎,20261006
24,4548,篠木　亜衣花,B1,3,32.7,13,尼崎,20261006
2,3286,坂東　　　満,B2,4,48.7,13,尼崎,20261006
17,3514,山一　　鉄也,A2,5,36.5,13,尼崎,20261006
41,3901,松田　　憲幸,B2,6,22.4,13,尼崎,20261006
16,3434,松尾　　宣邦,B1,7,36.9,13,尼崎,20261006
14,4639,雑賀　　勇貴,B1,9,38.1,13,尼崎,20261006
33,4664,東口　　　晃,B1,10,29.0,13,尼崎,20261006
10,4429,豊田　　泰洋,B1,15,39.5,13,尼崎,20261006
3,4987,島倉　　　都,B1,16,46.3,13,尼崎,20261006
12,5308,藤森　　拓海,B1,17,38.8,13,尼崎,20261006
5,3478,嶋田　　貴支,B1,18,41.9,13,尼崎,20261006
29,4683,向井田　直弥,B2,19,29.8,13,尼崎,20261006
36,3606,川北　　浩貴,B1,20,25.8,13,尼崎,20261006
40,4962,畑　　　竜生,A2,21,24.1,13,尼崎,20261006
28,3974,深山　　祐二,B1,24,30.1,13,尼崎,20261006
11,5281,井上　　遥妃,A1,25,39.3,13,尼崎,20261006
15,5259,野田　　昇吾,B2,26,37.0,13,尼崎,20261006
39,4226,村田　　浩司,B1,29,25.0,13,尼崎,20261006
19,4150,山田　　雄太,A2,31,34.6,13,尼崎,20261006
35,3790,佐口　　達也,B1,33,27.9,13,尼崎,20261006
27,4654,篠田　　優也,A1,34,31.1,13,尼崎,20261006
9,4106,坂井　　康嗣,B1,36,40.0,13,尼崎,20261006
13,5257,西丸　侑太朗,A1,37,38.2,13,尼崎,20261006
41,4675,井手　　良太,A2,38,22.4,13,尼崎,20261006
4,4531,武富　　智亮,A2,39,44.7,13,尼崎,20261006
8,4219,本岡　　勝利,B1,40,40.1,13,尼崎,20261006
44,3995,重野　　哲之,A2,41,18.4,13,尼崎,20261006
45,3854,吉川　　元浩,A1,42,17.8,13,尼崎,20261006
46,4443,津田　　裕絵,B1,43,15.0,13,尼崎,20261006
23,4254,川島　　圭司,A2,44,33.5,13,尼崎,20261006
22,3654,武田　　光史,A2,45,33.8,13,尼崎,20261006
31,4819,蜂須　　瑞生,A2,46,29.7,13,尼崎,20261006
34,5128,坪井　　爽佑,B1,47,28.7,13,尼崎,20261006
25,5218,山田　　理央,A1,48,31.5,13,尼崎,20261006
31,4700,金子　　和之,A2,49,29.7,13,尼崎,20261006
37,4539,金子　　賢志,A1,50,25.6,13,尼崎,20261006
29,5264,登　　みひ果,B1,51,29.8,13,尼崎,20261006
1,4518,大須賀　　友,A1,56,49.5,13,尼崎,20261006
26,4365,盛本　　真輔,A2,57,31.3,13,尼崎,20261006
41,4546,浜田　亜理沙,B1,58,22.4,13,尼崎,20261006
37,5340,樋江井　　舞,B1,59,25.6,13,尼崎,20261006
6,3556,田中　信一郎,A1,61,41.2,13,尼崎,20261006
21,5161,登玉　　隼百,A2,62,34.1,13,尼崎,20261006
7,3614,谷　　　勝幸,B1,63,40.3,13,尼崎,20261006
43,5133,堀越　　雄貴,B1,10,20.2,14,鳴門,20261009
26,3992,関口　　智久,B1,11,34.0,14,鳴門,20261009
26,4381,田路　　朋史,A2,12,34.0,14,鳴門,20261009
9,5044,渡邉　　　健,B1,14,40.2,14,鳴門,20261009
3,4173,岡谷　　健吾,B1,15,47.5,14,鳴門,20261009
18,4934,佐々木　翔斗,A2,16,36.0,14,鳴門,20261009
23,4513,河野　　真也,A2,18,34.6,14,鳴門,20261009
23,4953,尾上　　雅也,A1,19,34.6,14,鳴門,20261009
22,5468,山口　　隼人,B2,22,34.8,14,鳴門,20261009
39,4931,木谷　　賢太,A1,23,26.6,14,鳴門,20261009
26,4614,石倉　　洋行,A1,24,34.0,14,鳴門,20261009
31,3831,安藤　　裕貴,B1,25,33.9,14,鳴門,20261009
34,4100,松田　　隆司,B1,26,32.9,14,鳴門,20261009
38,4390,松本　　弓雄,B1,27,29.1,14,鳴門,20261009
4,4301,関　　　裕也,B1,29,44.9,14,鳴門,20261009
16,4917,岩橋　　裕馬,B1,30,36.5,14,鳴門,20261009
41,3772,一柳　　和孝,B1,32,25.2,14,鳴門,20261009
7,4875,大塚　　康雅,B1,33,41.7,14,鳴門,20261009
2,3519,冨田　　秀幸,B1,37,48.9,14,鳴門,20261009
17,4761,山田　　晃大,A2,38,36.4,14,鳴門,20261009
11,4793,金子　　　萌,A2,50,39.2,14,鳴門,20261009
26,3981,今坂　　晃広,B1,51,34.0,14,鳴門,20261009
8,4563,齋藤　　真之,B1,52,40.8,14,鳴門,20261009
35,4600,井内　将太郎,A1,54,32.2,14,鳴門,20261009
18,4691,水原　　　慎,B1,55,36.0,14,鳴門,20261009
40,4607,鶴田　　勇雄,A2,56,26.1,14,鳴門,20261009
6,4323,山田　　佑樹,B1,57,41.8,14,鳴門,20261009
20,3963,原田　　秀弥,A2,58,35.3,14,鳴門,20261009
23,3838,伊藤　　啓三,B1,59,34.6,14,鳴門,20261009
37,3690,河合　　三弘,B1,61,31.2,14,鳴門,20261009
33,4016,西川　新太郎,B1,63,33.0,14,鳴門,20261009
15,5348,小林　　甘寧,B1,64,36.8,14,鳴門,20261009
32,5278,田中　　駿兵,A1,65,33.7,14,鳴門,20261009
10,4269,杉山　　裕也,A2,66,40.0,14,鳴門,20261009
14,4020,川上　　清人,B1,67,37.3,14,鳴門,20261009
12,4111,奥田　　　誠,A2,70,38.7,14,鳴門,20261009
21,3982,福田　　　理,B1,71,35.1,14,鳴門,20261009
12,3911,鈴木　　　猛,B1,72,38.7,14,鳴門,20261009
42,5460,早川　　理稀,B2,73,21.3,14,鳴門,20261009
36,5219,森口　　和紀,B1,76,31.9,14,鳴門,20261009
26,4089,妹尾　　忠幸,A2,78,34.0,14,鳴門,20261009
5,4769,馬場　　　剛,A1,79,44.4,14,鳴門,20261009
1,5452,上馬場　風依,B2,82,56.2,14,鳴門,20261009
13,3826,村田　　修次,A2,1,45.4,15,丸亀,20261010
16,3918,深井　　利寿,A1,12,41.6,15,丸亀,20261010
26,4116,川田　　正人,B1,13,28.5,15,丸亀,20261010
7,4379,桑島　　和宏,A2,14,50.0,15,丸亀,20261010
34,3401,上田　　隆章,B1,15,20.0,15,丸亀,20261010
14,4031,飯島　　　誠,B1,16,44.4,15,丸亀,20261010
18,4509,平見　　真彦,A2,17,40.0,15,丸亀,20261010
1,4377,濱本　　優一,A1,18,75.0,15,丸亀,20261010
3,4594,谷川　　祐一,B1,19,62.5,15,丸亀,20261010
22,4027,松江　　秀徳,A2,20,33.3,15,丸亀,20261010
42,4495,森　　晋太郎,B2,21,0.0,15,丸亀,20261010
14,3952,中澤　　和志,A1,22,44.4,15,丸亀,20261010
5,3696,白井　　友晴,B1,23,53.8,15,丸亀,20261010
21,5271,杉山　　太陽,B1,24,35.7,15,丸亀,20261010
7,3788,一宮　　稔弘,B2,25,50.0,15,丸亀,20261010
29,4652,酒見　　峻介,B1,26,25.0,15,丸亀,20261010
7,3731,高濱　　芳久,B1,27,50.0,15,丸亀,20261010
19,3710,吉永　　泰弘,B1,28,38.4,15,丸亀,20261010
27,4036,金田　　　諭,A1,29,27.2,15,丸亀,20261010
41,4204,柴田　　大輔,B1,30,9.0,15,丸亀,20261010
25,4649,和田　　操拓,B1,31,30.0,15,丸亀,20261010
22,3882,新田　　智彰,B1,32,33.3,15,丸亀,20261010
42,3837,秋山　　広一,A2,33,0.0,15,丸亀,20261010
7,4626,伊藤　　紘章,B1,34,50.0,15,丸亀,20261010
37,3920,正木　　聖賢,B1,35,17.6,15,丸亀,20261010
40,4148,枝尾　　　賢,A2,36,10.5,15,丸亀,20261010
5,5226,藤田　　俊祐,B1,48,53.8,15,丸亀,20261010
12,3813,佐藤　　大介,A1,49,46.1,15,丸亀,20261010
2,3441,土屋　　太朗,B1,50,66.6,15,丸亀,20261010
29,3477,近藤　　稔也,B1,51,25.0,15,丸亀,20261010
33,3988,古川　　誠之,A2,52,22.2,15,丸亀,20261010
29,3448,高山　　秀雄,B1,53,25.0,15,丸亀,20261010
38,4339,平瀬　　城啓,B1,54,12.5,15,丸亀,20261010
38,3701,大西　　隆洋,B1,55,12.5,15,丸亀,20261010
20,3726,桂林　　　寛,B1,56,37.5,15,丸亀,20261010
35,3868,尾形　　栄治,B1,57,18.1,15,丸亀,20261010
16,5453,久保　　翔耶,B2,58,41.6,15,丸亀,20261010
42,4182,吉田　　和仁,B1,59,0.0,15,丸亀,20261010
4,4462,夏山　　亮平,B1,60,58.3,15,丸亀,20261010
24,4346,前田　健太郎,B1,61,30.7,15,丸亀,20261010
42,3557,太田　　和美,A1,62,0.0,15,丸亀,20261010
35,3641,一瀬　　　明,A1,63,18.1,15,丸亀,20261010
27,4540,相原　　利章,A2,64,27.2,15,丸亀,20261010
7,4435,服部　　達哉,A2,65,50.0,15,丸亀,20261010
29,3584,佐々木　英樹,B1,66,25.0,15,丸亀,20261010
33,3589,西村　　　勝,B1,11,30.9,16,児島,20261010
7,4538,笠置　　博之,A1,12,39.8,16,児島,20261010
13,4259,真庭　　明志,A2,13,36.4,16,児島,20261010
40,5223,森清　　友翔,B1,14,27.4,16,児島,20261010
35,5096,上原　　　崚,A2,15,28.7,16,児島,20261010
11,4095,福来　　　剛,A1,17,37.5,16,児島,20261010
31,4277,金田　　大輔,B1,18,31.7,16,児島,20261010
5,4872,山下　　流心,B1,19,42.1,16,児島,20261010
2,4128,川口　　貴久,B1,20,47.3,16,児島,20261010
10,3746,岡瀬　　正人,A2,21,37.6,16,児島,20261010
17,4058,野末　　智一,A1,22,35.5,16,児島,20261010
25,3075,中村　　裕将,B1,23,33.7,16,児島,20261010
37,4276,鈴木　　勝博,A2,25,28.4,16,児島,20261010
34,4583,古田　　祐貴,B1,26,29.0,16,児島,20261010
20,3873,別府　　昌樹,B1,27,34.7,16,児島,20261010
12,3812,山崎　　聖司,B1,30,37.0,16,児島,20261010
27,3906,飯山　　晃三,B1,31,33.3,16,児島,20261010
36,4485,楠原　　正剛,B1,32,28.6,16,児島,20261010
42,4644,山田　　亮太,A1,33,25.3,16,児島,20261010
28,4302,西野　　翔太,A1,34,32.5,16,児島,20261010
3,3257,田頭　　　実,A1,35,44.2,16,児島,20261010
22,5070,中島　　　航,B1,36,34.5,16,児島,20261010
26,5081,篠原　　飛翔,A2,37,33.6,16,児島,20261010
8,4879,山崎　　鉄平,B1,39,38.9,16,児島,20261010
44,3839,川合　　理司,B1,40,22.9,16,児島,20261010
21,5235,岩田　　　凌,B2,41,34.6,16,児島,20261010
32,4572,渡部　　　悟,B1,42,31.5,16,児島,20261010
6,5426,甲斐　　貴大,B2,44,40.8,16,児島,20261010
41,3893,汐崎　　正則,B1,46,25.8,16,児島,20261010
43,4580,長谷川　雅和,B1,48,23.5,16,児島,20261010
14,4930,佐藤　　　悠,A2,49,36.3,16,児島,20261010
38,2538,高橋　　二朗,B1,52,28.1,16,児島,20261010
29,4553,坪口　　竜也,A2,53,32.3,16,児島,20261010
1,4348,宮崎　　　奨,A2,55,47.5,16,児島,20261010
30,3945,橋口　　真樹,B1,57,32.0,16,児島,20261010
18,3934,鋤柄　　貴俊,B1,58,35.3,16,児島,20261010
38,3860,松本　　浩貴,B1,59,28.1,16,児島,20261010
4,3748,小黒　　竜吾,B1,60,42.2,16,児島,20261010
15,3953,志道　　吉和,B2,61,35.9,16,児島,20261010
9,5095,小原　　聡将,A2,62,38.4,16,児島,20261010
19,4958,溝口　海義也,A1,64,34.8,16,児島,20261010
24,4003,表　　　憲一,B1,65,34.2,16,児島,20261010
22,4006,小野　　勇作,B1,66,34.5,16,児島,20261010
16,3542,清水　　紀克,B1,69,35.7,16,児島,20261010
10,5361,植竹　　玲奈,B1,11,38.5,17,宮島,20260923
45,4804,高田　ひかる,A1,13,28.3,17,宮島,20260923
22,4372,原田　　佑実,A2,15,35.7,17,宮島,20260923
25,4275,菅野　はやか,B1,16,34.2,17,宮島,20260923
12,4878,西岡　　育未,B1,17,38.4,17,宮島,20260923
33,3845,中谷　　朋子,A2,18,32.4,17,宮島,20260923
26,4244,鈴木　　成美,B2,19,33.7,17,宮島,20260923
42,3509,池　　　千夏,B1,20,29.3,17,宮島,20260923
5,5442,池田　　美優,B2,21,40.7,17,宮島,20260923
36,4536,喜井　つかさ,A2,23,31.9,17,宮島,20260923
23,4784,向井田　真紀,B1,24,35.3,17,宮島,20260923
13,4680,後藤　　美翼,A2,25,38.2,17,宮島,20260923
39,4997,濱崎　寿里矢,B2,27,31.5,17,宮島,20260923
38,3528,笠野　友紀恵,B1,29,31.6,17,宮島,20260923
3,3618,海野　ゆかり,A1,30,42.4,17,宮島,20260923
5,5165,小林　　愛実,B1,32,40.7,17,宮島,20260923
24,4011,堀之内紀代子,A2,33,34.3,17,宮島,20260923
20,4791,黒澤　めぐみ,B1,34,36.0,17,宮島,20260923
28,4678,水野　　望美,B1,36,33.2,17,宮島,20260923
4,4482,守屋　　美穂,A1,37,41.7,17,宮島,20260923
1,4689,豊田　　　結,B1,38,47.1,17,宮島,20260923
35,4775,千葉　　真弥,A2,39,32.2,17,宮島,20260923
8,3993,永井　　聖美,B1,51,40.0,17,宮島,20260923
18,5320,岩崎　　麗子,B1,52,36.2,17,宮島,20260923
32,5189,藤原　　早菜,A2,53,32.6,17,宮島,20260923
16,3334,角　　ひとみ,A2,54,36.6,17,宮島,20260923
17,4283,石井　　裕美,B1,55,36.3,17,宮島,20260923
31,4940,白石　　有美,B2,56,32.7,17,宮島,20260923
19,5464,宮田　　　栞,B2,57,36.1,17,宮島,20260923
10,5117,冨名腰　桃奈,B1,58,38.5,17,宮島,20260923
43,4844,村上　　奈穂,B1,59,28.8,17,宮島,20260923
9,5387,戸田　海咲音,B2,60,39.2,17,宮島,20260923
20,4450,平高　　奈菜,A2,61,36.0,17,宮島,20260923
46,4400,加藤　　奈月,B1,62,28.0,17,宮島,20260923
27,5326,三嶌　さらら,B1,63,33.3,17,宮島,20260923
7,3551,藤田　　美代,B1,65,40.3,17,宮島,20260923
13,4289,落合　　直子,A2,66,38.2,17,宮島,20260923
30,4387,平山　　智加,A1,67,32.8,17,宮島,20260923
37,5399,長野　　未来,B2,70,31.7,17,宮島,20260923
29,5287,滝沢　　織寧,B1,71,33.1,17,宮島,20260923
2,3355,橋谷田　佳織,B2,72,46.5,17,宮島,20260923
40,4611,今井　　美亜,A1,73,29.7,17,宮島,20260923
41,5069,山崎　小葉音,B1,78,29.4,17,宮島,20260923
15,5380,野田　　亜湖,B2,79,37.3,17,宮島,20260923
44,5360,高木　　茉白,B1,80,28.7,17,宮島,20260923
34,5334,樫葉　　新心,B1,82,32.3,17,宮島,20260923
33,4982,中村　　将隆,B1,11,29.1,18,徳山,20261010
18,4039,村上　　功祐,B1,12,35.9,18,徳山,20261010
6,4317,木村　紗友希,B1,13,41.9,18,徳山,20261010
4,4660,宇田川　信一,B1,14,42.9,18,徳山,20261010
14,4515,藤田　　浩人,A2,15,37.5,18,徳山,20261010
36,3484,芝田　　浩治,A2,16,28.8,18,徳山,20261010
7,3880,浅見　　宗孝,B1,17,41.5,18,徳山,20261010
37,4047,吉永　　浩則,B1,18,28.7,18,徳山,20261010
1,5412,久保田　凪紗,B2,19,48.1,18,徳山,20261010
20,3516,吉原　　聖人,B1,20,35.0,18,徳山,20261010
29,4684,楠原　　翔太,B1,21,31.1,18,徳山,20261010
30,5419,櫻井　　　隼,B1,22,30.5,18,徳山,20261010
24,4166,吉田　　拡郎,A1,23,34.4,18,徳山,20261010
43,4984,森下　　愛梨,B1,24,23.6,18,徳山,20261010
40,4319,三宅　　　潤,A2,25,25.9,18,徳山,20261010
15,4514,上條　　嘉嗣,A1,26,37.2,18,徳山,20261010
22,5123,福山　恵里奈,B1,46,34.8,18,徳山,20261010
10,4068,幸田　　智裕,B1,47,38.1,18,徳山,20261010
27,4472,尾嶋　　一広,A1,48,33.8,18,徳山,20261010
44,4073,大橋　純一郎,A1,49,23.3,18,徳山,20261010
25,5057,上田　　紗奈,B1,50,34.1,18,徳山,20261010
45,4271,川崎　　公靖,B1,52,20.3,18,徳山,20261010
13,3998,冨成　　謙児,B1,53,37.8,18,徳山,20261010
19,3054,北川　　幸典,B1,54,35.8,18,徳山,20261010
10,3471,赤峰　　和也,B1,55,38.1,18,徳山,20261010
12,4592,小林　　孝弘,B1,56,37.9,18,徳山,20261010
38,3620,信濃　　由行,B1,57,28.0,18,徳山,20261010
31,4179,広次　　　修,A2,58,30.3,18,徳山,20261010
15,4380,鈴木　　峻佑,B1,59,37.2,18,徳山,20261010
26,4771,下寺　　秀和,A1,60,33.9,18,徳山,20261010
23,4752,西尾　　亮輔,B1,61,34.6,18,徳山,20261010
32,3713,伊藤　　誠二,A1,62,30.1,18,徳山,20261010
39,5451,知念　　伶奈,B2,63,27.5,18,徳山,20261010
9,4425,大井　　清貴,B1,64,39.0,18,徳山,20261010
41,4456,鎌倉　　　涼,A1,65,25.4,18,徳山,20261010
33,4193,郷原　　章平,A2,66,29.1,18,徳山,20261010
33,4214,林　　　祐介,B1,67,29.1,18,徳山,20261010
2,4520,高倉　　孝太,A2,68,47.1,18,徳山,20261010
3,3703,鳥飼　　　眞,A2,69,44.7,18,徳山,20261010
42,3548,室田　　泰史,A2,70,24.0,18,徳山,20261010
28,3070,山室　　展弘,B1,71,32.2,18,徳山,20261010
15,4139,丹下　　　健,B1,72,37.2,18,徳山,20261010
5,3175,渡辺　　千草,B1,73,42.1,18,徳山,20261010
8,3505,山田　　竜一,A2,74,40.5,18,徳山,20261010
21,5237,永松　　良教,B2,75,34.9,18,徳山,20261010
2,4556,竹井　　奈美,A1,12,51.5,19,下関,20261006
29,5326,三嶌　さらら,B1,13,32.1,19,下関,20261006
16,4997,濱崎　寿里矢,B2,14,38.3,19,下関,20261006
24,4678,水野　　望美,B1,15,34.4,19,下関,20261006
28,4536,喜井　つかさ,A2,16,32.2,19,下関,20261006
3,4373,若狭　奈美子,A1,17,48.4,19,下関,20261006
1,4844,村上　　奈穂,B1,18,52.0,19,下関,20261006
38,4784,向井田　真紀,B1,19,27.5,19,下関,20261006
18,5045,平川　　香織,A2,21,38.1,19,下関,20261006
44,4791,黒澤　めぐみ,B1,23,22.4,19,下関,20261006
21,5317,長尾　　萌加,B1,24,36.7,19,下関,20261006
19,4372,原田　　佑実,A2,27,38.0,19,下関,20261006
31,3845,中谷　　朋子,A2,28,31.5,19,下関,20261006
9,5416,龍田　　真白,B1,30,41.2,19,下関,20261006
15,4642,松尾　　夏海,A2,31,38.6,19,下関,20261006
34,4853,前原　　　哉,B1,36,29.6,19,下関,20261006
14,5052,赤井　星璃菜,B1,38,39.5,19,下関,20261006
7,5342,原村　　百那,B2,39,41.5,19,下関,20261006
11,4014,片岡　　恵里,A2,40,41.0,19,下関,20261006
27,4730,土屋　実沙希,B1,42,32.3,19,下関,20261006
13,3943,三松　　直美,B2,43,40.0,19,下関,20261006
33,5250,嶋田　　有里,B1,44,30.1,19,下関,20261006
39,4400,加藤　　奈月,B1,45,26.0,19,下関,20261006
4,5189,藤原　　早菜,A2,46,43.2,19,下関,20261006
25,5322,根岸　　真優,B1,47,34.3,19,下関,20261006
20,5437,中澤　　里桜,B2,48,37.2,19,下関,20261006
21,4804,高田　ひかる,A1,49,36.7,19,下関,20261006
23,5335,森　　　陽多,B1,50,35.5,19,下関,20261006
35,4938,小芦　るり華,A1,51,28.1,19,下関,20261006
16,5440,薗頭　　　心,B2,52,38.3,19,下関,20261006
41,4720,西澤　日花里,B1,53,25.5,19,下関,20261006
39,5195,北村　　寧々,A2,54,26.0,19,下関,20261006
26,4387,平山　　智加,A1,55,33.6,19,下関,20261006
11,4893,渡邉　真奈美,B1,57,41.0,19,下関,20261006
30,4775,千葉　　真弥,A2,58,31.8,19,下関,20261006
9,5391,出穂　　和鼓,B2,59,41.2,19,下関,20261006
43,5265,大廣　　咲季,B1,60,22.5,19,下関,20261006
5,4927,関野　　　文,A2,62,42.8,19,下関,20261006
45,4947,間庭　　菜摘,B1,64,20.4,19,下関,20261006
32,5146,野田　　彩加,A2,65,31.2,19,下関,20261006
6,5165,小林　　愛実,B1,69,42.1,19,下関,20261006
35,3334,角　　ひとみ,A2,70,28.1,19,下関,20261006
8,4045,佐々木　裕美,B1,71,41.4,19,下関,20261006
37,5360,高木　　茉白,B1,72,27.8,19,下関,20261006
42,5287,滝沢　　織寧,B1,73,25.0,19,下関,20261006
37,4778,堤　　　啓輔,B1,2,30.1,20,若松,20261009
24,5367,赤松　　咲香,B2,3,33.3,20,若松,20261009
17,3949,今出　　晋二,B1,4,35.5,20,若松,20261009
6,3419,栗原　　謙治,B2,5,39.2,20,若松,20261009
14,5131,江藤　　敦宏,B1,6,36.6,20,若松,20261009
41,4842,山下　　昂大,A2,8,28.2,20,若松,20261009
39,5380,野田　　亜湖,B2,9,29.2,20,若松,20261009
46,4677,片橋　　幸貴,A1,11,25.7,20,若松,20261009
15,3905,天野　　友和,A2,12,36.4,20,若松,20261009
34,4648,木村　　亮太,B1,13,30.4,20,若松,20261009
17,3910,松下　　知幸,B1,14,35.5,20,若松,20261009
23,3578,塩田　　雄一,B1,15,33.5,20,若松,20261009
31,3340,池田　　雷太,B1,16,31.3,20,若松,20261009
27,4919,吉田　　翔悟,B1,17,32.6,20,若松,20261009
25,3574,大神　　康司,A1,18,33.1,20,若松,20261009
4,5240,高橋　　龍治,B1,19,40.3,20,若松,20261009
5,4748,渡邉　　雄朗,A1,20,39.4,20,若松,20261009
8,4714,喜多須　杏奈,B1,21,38.1,20,若松,20261009
27,3892,草場　　康幸,B1,24,32.6,20,若松,20261009
8,4992,廣瀬　　篤哉,B1,25,38.1,20,若松,20261009
36,4388,是澤　　孝宏,A2,26,30.3,20,若松,20261009
43,5148,松本　　　怜,B1,27,27.1,20,若松,20261009
34,5395,日高　龍之介,B1,28,30.4,20,若松,20261009
44,4376,藤田　　靖弘,A2,29,26.1,20,若松,20261009
7,4287,今井　　貴士,A2,35,38.4,20,若松,20261009
33,4197,渥美　　卓郎,B1,36,30.6,20,若松,20261009
42,5301,岩下　　巧斗,B1,37,27.2,20,若松,20261009
30,4736,高倉　　和士,A1,38,31.9,20,若松,20261009
13,4964,土屋　　　南,A2,39,36.7,20,若松,20261009
17,4900,中田　　夕貴,B1,40,35.5,20,若松,20261009
17,4158,木場　雄二郎,B1,41,35.5,20,若松,20261009
2,5037,田頭　　虎親,B1,42,43.0,20,若松,20261009
26,4695,尾崎　　雄二,A2,43,32.8,20,若松,20261009
10,3721,守田　　俊介,A1,45,37.9,20,若松,20261009
11,4181,花本　　夏樹,B1,46,37.5,20,若松,20261009
21,4025,山本　　隆幸,A1,47,34.6,20,若松,20261009
16,5209,小野　　京平,B1,48,35.9,20,若松,20261009
1,4261,岡　　　祐臣,A2,49,52.2,20,若松,20261009
2,5276,大島　隆乃介,B1,51,43.0,20,若松,20261009
12,4451,松崎　祐太郎,A2,52,36.9,20,若松,20261009
29,3566,川添　　英正,B1,53,32.2,20,若松,20261009
32,5027,重冨　　勇哉,B1,54,30.8,20,若松,20261009
47,3776,横井　　健太,B1,55,21.6,20,若松,20261009
40,4123,細川　　裕子,A1,57,29.0,20,若松,20261009
21,3579,中里　　優子,B1,58,34.6,20,若松,20261009
38,3582,吉川　　昭男,A2,59,29.6,20,若松,20261009
45,4496,内堀　　　学,A1,62,26.0,20,若松,20261009
43,4317,木村　紗友希,B1,2,25.9,21,芦屋,20260929
2,4964,土屋　　　南,A2,3,45.8,21,芦屋,20260929
6,4897,深見　亜由美,B1,4,41.9,21,芦屋,20260929
20,4525,真子　奈津実,B1,5,37.7,21,芦屋,20260929
29,4243,西村　　　歩,B1,7,32.7,21,芦屋,20260929
4,3232,山川　美由紀,A2,8,44.6,21,芦屋,20260929
40,5164,森田　　梨湖,B2,9,28.7,21,芦屋,20260929
10,4433,川野　　芽唯,A1,10,40.5,21,芦屋,20260929
19,4208,三浦　　永理,A1,11,37.8,21,芦屋,20260929
17,5272,松田　　真実,B1,12,38.8,21,芦屋,20260929
7,5182,宮崎　　安奈,B1,13,40.9,21,芦屋,20260929
32,4419,原　　加央理,A2,14,31.5,21,芦屋,20260929
34,4924,中北　　　涼,B1,15,30.7,21,芦屋,20260929
30,5155,内山　　七海,A2,17,32.1,21,芦屋,20260929
40,4965,福岡　　泉水,B1,19,28.7,21,芦屋,20260929
27,4974,安井　　瑞紀,A2,21,34.9,21,芦屋,20260929
5,5358,増本　　杏珠,B2,22,42.3,21,芦屋,20260929
36,4246,喜多　那由夏,B1,26,30.6,21,芦屋,20260929
38,3579,中里　　優子,B1,27,29.7,21,芦屋,20260929
23,4313,西村　美智子,A2,28,37.3,21,芦屋,20260929
13,4900,中田　　夕貴,B1,29,39.8,21,芦屋,20260929
16,3604,武藤　　綾子,B1,30,39.0,21,芦屋,20260929
8,4510,坂本　　奈央,B2,31,40.7,21,芦屋,20260929
14,5153,佐藤　ほのか,B1,32,39.6,21,芦屋,20260929
12,5129,山口　真喜子,A2,33,40.0,21,芦屋,20260929
37,4347,魚谷　　香織,A2,34,30.5,21,芦屋,20260929
3,4990,田中　　博子,B2,35,45.7,21,芦屋,20260929
31,3611,岩崎　　芳美,A2,36,31.9,21,芦屋,20260929
26,3474,松瀬　　弘美,B1,37,35.1,21,芦屋,20260929
21,5230,石原　　凪紗,B1,38,37.5,21,芦屋,20260929
25,4885,大山　　千広,A2,39,36.4,21,芦屋,20260929
10,4530,小野　　生奈,A1,41,40.5,21,芦屋,20260929
42,4998,中村　かなえ,B2,42,27.9,21,芦屋,20260929
21,5342,原村　　百那,B2,43,37.5,21,芦屋,20260929
34,5188,武井　莉里佳,A2,44,30.7,21,芦屋,20260929
39,5296,永田　　　楽,B1,46,29.1,21,芦屋,20260929
28,3470,新田　　芳美,B1,47,33.3,21,芦屋,20260929
8,4240,今井　　裕梨,A2,48,40.7,21,芦屋,20260929
33,5227,川原　　愛未,B2,52,31.3,21,芦屋,20260929
18,3435,寺田　　千恵,A2,55,38.0,21,芦屋,20260929
1,4050,田口　　節子,A1,56,48.3,21,芦屋,20260929
24,5440,薗頭　　　心,B2,57,37.1,21,芦屋,20260929
44,5365,石村　日奈那,B1,59,24.7,21,芦屋,20260929
15,4484,稲生　　夏季,B1,60,39.3,21,芦屋,20260929
11,3978,齊藤　　　仁,A2,11,37.1,22,福岡,20261010
12,4382,高山　　智至,B1,13,36.3,22,福岡,20261010
8,5220,青木　　　蓮,A2,14,38.8,22,福岡,20261010
2,4666,日笠　　勝弘,B1,16,43.0,22,福岡,20261010
37,4169,多田　　有佑,B1,17,26.9,22,福岡,20261010
20,4601,森野　　正弘,A1,20,32.8,22,福岡,20261010
10,4526,池田　　雄祐,A2,21,37.9,22,福岡,20261010
22,4364,池永　　　太,A1,22,32.1,22,福岡,20261010
4,4332,村上　　彰一,B1,23,41.0,22,福岡,20261010
34,5203,神里　　琴音,B1,24,27.6,22,福岡,20261010
7,4432,黄金井　力良,B1,25,39.4,22,福岡,20261010
16,4465,大西　　　賢,B1,27,34.2,22,福岡,20261010
20,4049,荒川　　健太,A2,28,32.8,22,福岡,20261010
29,3685,荒井　　輝年,A2,29,29.5,22,福岡,20261010
18,4729,佐藤　謙史朗,B1,30,33.6,22,福岡,20261010
19,3563,堤　　　　昇,B1,31,33.5,22,福岡,20261010
1,4567,上村　慎太郎,B1,34,43.3,22,福岡,20261010
35,5244,黒田　　　剛,B1,35,27.5,22,福岡,20261010
13,4289,落合　　直子,A2,36,36.1,22,福岡,20261010
32,3965,北中　　元樹,A1,37,28.7,22,福岡,20261010
43,5204,宇恵　　有香,B2,38,22.9,22,福岡,20261010
44,3562,山下　　和彦,A2,40,21.8,22,福岡,20261010
42,3503,堂原　　洋史,B1,41,23.2,22,福岡,20261010
47,3872,岡田　　憲行,A2,42,14.1,22,福岡,20261010
26,3975,小野寺　智洋,A2,44,30.9,22,福岡,20261010
38,4521,小池　　公生,B1,45,26.6,22,福岡,20261010
46,4054,福嶋　　智之,B1,47,21.2,22,福岡,20261010
41,4234,野相　　弘司,B1,48,23.4,22,福岡,20261010
33,4387,平山　　智加,A1,50,28.3,22,福岡,20261010
6,4568,廣瀬　　真也,B1,52,39.5,22,福岡,20261010
39,3377,塚田　　修二,B1,53,25.5,22,福岡,20261010
23,4431,石塚　　裕介,B1,54,31.9,22,福岡,20261010
27,5139,大場　　恒季,A1,55,30.8,22,福岡,20261010
28,4494,河合　　佑樹,A1,57,29.9,22,福岡,20261010
14,3551,藤田　　美代,B1,58,35.8,22,福岡,20261010
45,3834,細川　　明人,B1,60,21.4,22,福岡,20261010
25,4846,佐藤　　駿介,B1,63,31.1,22,福岡,20261010
35,3907,村越　　　篤,B1,64,27.5,22,福岡,20261010
29,3412,鈴木　　　博,A1,66,29.5,22,福岡,20261010
5,3581,加木　　　郁,B1,68,40.0,22,福岡,20261010
40,5464,宮田　　　栞,B2,69,24.2,22,福岡,20261010
14,4195,前川　　守嗣,B1,70,35.8,22,福岡,20261010
16,3158,島川　　光男,A2,71,34.2,22,福岡,20261010
9,4083,福島　　勇樹,A1,72,38.2,22,福岡,20261010
23,4243,西村　　　歩,B1,73,31.9,22,福岡,20261010
3,5438,星田　　夢結,B2,74,41.2,22,福岡,20261010
31,4779,伊倉　　　光,B1,75,29.3,22,福岡,20261010
27,5347,井澤　　聖奈,B2,2,23.0,23,唐津,20261010
39,3554,仲口　　博崇,A1,5,7.1,23,唐津,20261010
37,4045,佐々木　裕美,B1,6,11.7,23,唐津,20261010
40,5428,古園井　綾南,B2,8,6.2,23,唐津,20261010
24,4669,井上　　　茂,B1,9,25.0,23,唐津,20261010
35,4356,長岡　　良也,A2,11,20.0,23,唐津,20261010
22,3717,立間　　充宏,A2,16,29.4,23,唐津,20261010
23,3967,鈴木　　茂高,B1,26,28.5,23,唐津,20261010
28,3809,吉田　　　光,B1,27,22.2,23,唐津,20261010
41,3576,白水　　勝也,A1,28,0.0,23,唐津,20261010
41,4015,前野　　竜一,A2,29,0.0,23,唐津,20261010
5,4676,後藤　　隼之,A2,30,50.0,23,唐津,20261010
16,4440,萩原　　知哉,B1,31,33.3,23,唐津,20261010
11,5107,松本　　真広,B1,32,44.4,23,唐津,20261010
11,5071,野見山　拓己,B1,33,44.4,23,唐津,20261010
5,3747,國崎　　良春,A2,34,50.0,23,唐津,20261010
3,4527,高野　　心吾,B1,35,62.5,23,唐津,20261010
24,4943,八木　　治樹,B1,36,25.0,23,唐津,20261010
28,4438,森作　　雄大,B1,37,22.2,23,唐津,20261010
11,4584,村岡　　賢人,A1,38,44.4,23,唐津,20261010
16,4949,横田　　貴満,A2,39,33.3,23,唐津,20261010
16,5230,石原　　凪紗,B1,40,33.3,23,唐津,20261010
4,4264,長尾　　章平,A1,41,55.5,23,唐津,20261010
16,3499,市川　　哲也,A1,42,33.3,23,唐津,20261010
16,5053,山口　　広樹,B1,43,33.3,23,唐津,20261010
1,5048,眞鳥　　康太,B1,44,66.6,23,唐津,20261010
5,4565,西村　　豪洋,B1,46,50.0,23,唐津,20261010
24,3463,乙津　　康志,B1,47,25.0,23,唐津,20261010
14,4257,古川　　　健,B1,48,38.4,23,唐津,20261010
16,4092,岡部　　大輔,B1,49,33.3,23,唐津,20261010
2,3614,谷　　　勝幸,B1,50,63.6,23,唐津,20261010
28,3900,香川　　素子,A2,51,22.2,23,唐津,20261010
10,4053,芦澤　　　望,A2,52,45.4,23,唐津,20261010
15,3944,山口　　裕二,A1,53,36.3,23,唐津,20261010
38,5124,上瀧　　絢也,B1,54,11.1,23,唐津,20261010
28,4035,杉江　　浩明,B1,55,22.2,23,唐津,20261010
36,4434,田中　　辰彦,A2,56,12.5,23,唐津,20261010
5,3617,竹田　　広樹,B1,57,50.0,23,唐津,20261010
41,3539,金子　　順一,B1,58,0.0,23,唐津,20261010
28,5462,山浦　　　槙,B2,59,22.2,23,唐津,20261010
28,4449,中嶋　　達也,B1,60,22.2,23,唐津,20261010
41,5389,恵良　　琴美,B1,62,0.0,23,唐津,20261010
5,4342,谷野　　錬志,A2,63,50.0,23,唐津,20261010
28,4464,山下　　友貴,A1,64,22.2,23,唐津,20261010
10,4574,東　　　潤樹,A2,13,39.7,24,大村,20261009
32,4760,山崎　　　郡,A1,14,30.1,24,大村,20261009
45,4632,長尾　京志郎,B1,15,16.4,24,大村,20261009
7,3637,齋藤　　和政,B1,16,42.2,24,大村,20261009
44,4004,山本　　浩輔,B1,18,22.5,24,大村,20261009
21,5344,谷口　　　丞,B1,19,34.0,24,大村,20261009
35,4640,山ノ内　雅人,A2,22,28.9,24,大村,20261009
27,4012,中村　　有裕,A2,23,32.1,24,大村,20261009
6,4888,金児　　隆太,B1,24,43.2,24,大村,20261009
34,5397,寺田　　夢生,B2,25,29.4,24,大村,20261009
23,3535,渡　　　修平,B1,26,33.7,24,大村,20261009
11,4043,桐本　　康臣,A2,29,39.5,24,大村,20261009
22,4874,池田　奈津美,B1,31,33.8,24,大村,20261009
33,5246,楠　　将太郎,A2,32,29.8,24,大村,20261009
19,4064,原田　　篤志,A1,33,34.2,24,大村,20261009
14,4145,小澤　　　学,B1,34,37.9,24,大村,20261009
2,4156,浜野　　孝志,A2,37,48.0,24,大村,20261009
5,4159,向後　　龍一,A2,38,43.7,24,大村,20261009
43,3302,谷川　　里江,B1,39,24.3,24,大村,20261009
38,5193,米丸　　乃絵,A1,40,28.2,24,大村,20261009
1,4007,榮田　　将彦,B1,41,50.6,24,大村,20261009
29,4894,原村　　拓也,B1,43,31.7,24,大村,20261009
23,3730,塩崎　　優司,B1,46,33.7,24,大村,20261009
11,4737,竹井　　貴史,A1,48,39.5,24,大村,20261009
41,4409,坂元　　浩仁,A1,51,25.0,24,大村,20261009
17,3871,池田　　紫乃,B1,52,34.5,24,大村,20261009
13,5285,若林　　　麗,B1,53,38.3,24,大村,20261009
20,5177,松井　　貫太,B1,54,34.1,24,大村,20261009
15,4693,松下　　誉士,B1,55,37.0,24,大村,20261009
28,4324,海野　康志郎,A1,56,32.0,24,大村,20261009
3,5343,小林　　礼央,B1,57,45.0,24,大村,20261009
16,3950,石川　　哲秀,B1,58,34.6,24,大村,20261009
4,3282,池本　　輝明,B1,59,44.7,24,大村,20261009
9,5175,島崎　丈一朗,B1,63,41.0,24,大村,20261009
42,3692,竹腰　　正樹,B1,66,24.6,24,大村,20261009
25,3661,柳瀬　　興志,A2,68,33.3,24,大村,20261009
36,5458,田中　　大輝,B2,69,28.5,24,大村,20261009
8,5338,香月　　大輝,B1,70,41.9,24,大村,20261009
31,4739,中村　　晃朋,A1,72,30.3,24,大村,20261009
17,5144,中尾　　彩香,B1,74,34.5,24,大村,20261009
39,5261,岡　　　暢祐,B1,75,27.6,24,大村,20261009
26,3303,渡辺　　　豊,B1,76,32.8,24,大村,20261009
40,3928,林　　　恵祐,B1,77,26.8,24,大村,20261009
36,4656,大崎　　　翔,A2,78,28.5,24,大村,20261009
30,5459,田中　　きら,B2,80,30.7,24,大村,20261009
